modo,estrategia,fecha,timestamp,load_real_kw,pv_real_kw,diesel_kw,discharge_kw,charge_kw,grid_net_kw,ens_kw,deficit_kw,soc_kwh,import_kw
isla,dmpc,2026-07-24,2026-07-24 00:00:00-05:00,11.269355206115684,0.15753180439213185,0.0,11.269,0.0,-0.0,0.0,0.0,130.0,-0.0
isla,dmpc,2026-07-24,2026-07-24 01:00:00-05:00,10.694233346499276,0.172105152951879,0.0,10.694,0.0,-0.0,0.0,0.0,118.1378947368421,-0.0
isla,dmpc,2026-07-24,2026-07-24 02:00:00-05:00,10.694233346499276,0.2344960908620061,0.0,10.694,0.0,-0.0,0.0,0.0,106.88105263157894,-0.0
isla,dmpc,2026-07-24,2026-07-24 03:00:00-05:00,10.694233346499276,0.14998172012469466,0.0,10.694,0.0,-0.0,0.0,0.0,95.62421052631578,-0.0
isla,dmpc,2026-07-24,2026-07-24 04:00:00-05:00,20.224824162999756,0.17208833012146615,0.0,20.225,0.0,-0.0,0.0,0.0,84.36736842105262,-0.0
isla,dmpc,2026-07-24,2026-07-24 05:00:00-05:00,27.33168714254537,0.12964687886309242,50.0,0.0,22.668,-0.0,0.0,0.0,63.07789473684209,-0.0
isla,dmpc,2026-07-24,2026-07-24 06:00:00-05:00,29.385693784032547,0.3568695833053323,50.0,0.0,20.614,-0.0,0.0,0.0,84.61249473684208,-0.0
isla,dmpc,2026-07-24,2026-07-24 07:00:00-05:00,43.17880217378388,2.4507735250477505,50.0,0.0,6.821,-0.0,0.0,0.0,104.19579473684209,-0.0
isla,dmpc,2026-07-24,2026-07-24 08:00:00-05:00,62.53112730631657,7.149529665965556,62.531,0.0,0.0,-0.0,0.0,0.0,110.67574473684209,-0.0
isla,dmpc,2026-07-24,2026-07-24 09:00:00-05:00,62.94192863461401,12.623157981568296,62.942,0.0,0.0,-0.0,0.0,0.0,110.67574473684209,-0.0
isla,dmpc,2026-07-24,2026-07-24 10:00:00-05:00,65.61213726854733,25.84334267134578,65.612,0.0,0.0,-0.0,0.0,0.0,110.67574473684209,-0.0
isla,dmpc,2026-07-24,2026-07-24 11:00:00-05:00,67.17318231607759,26.965042244800443,67.173,0.0,0.0,-0.0,0.0,0.0,110.67574473684209,-0.0
isla,dmpc,2026-07-24,2026-07-24 12:00:00-05:00,73.66384330317705,28.335720857873607,73.664,0.0,0.0,-0.0,0.0,0.0,110.67574473684209,-0.0
isla,dmpc,2026-07-24,2026-07-24 13:00:00-05:00,66.59806045646117,26.887958876097873,66.598,0.0,0.0,-0.0,0.0,0.0,110.67574473684209,-0.0
isla,dmpc,2026-07-24,2026-07-24 14:00:00-05:00,62.44896704065709,23.79836303179631,62.449,0.0,0.0,-0.0,0.0,0.0,110.67574473684209,-0.0
isla,dmpc,2026-07-24,2026-07-24 15:00:00-05:00,61.58628425123247,19.929262442178754,61.586,0.0,0.0,-0.0,0.0,0.0,110.67574473684209,-0.0
isla,dmpc,2026-07-24,2026-07-24 16:00:00-05:00,62.0792458451894,13.951901932710498,62.079,0.0,0.0,-0.0,0.0,0.0,110.67574473684209,-0.0
isla,dmpc,2026-07-24,2026-07-24 17:00:00-05:00,63.252704616230645,6.499552722045366,63.253,0.0,0.0,-0.0,0.0,0.0,110.67574473684209,-0.0
isla,dmpc,2026-07-24,2026-07-24 18:00:00-05:00,80.0,1.2884026609168522,80.0,0.0,0.0,-0.0,0.0,0.0,110.67574473684209,-0.0
isla,dmpc,2026-07-24,2026-07-24 19:00:00-05:00,63.84210898714483,0.07138851875450626,63.842,0.0,0.0,-0.0,0.0,0.0,110.67574473684209,-0.0
isla,dmpc,2026-07-24,2026-07-24 20:00:00-05:00,34.561790520580224,0.3005326400221054,50.0,0.0,15.438,-0.0,0.0,0.0,110.67574473684209,-0.0
isla,dmpc,2026-07-24,2026-07-24 21:00:00-05:00,26.5100844859505,0.1322071326900088,50.0,0.0,23.49,-0.0,0.0,0.0,125.34184473684209,-0.0
isla,dmpc,2026-07-24,2026-07-24 22:00:00-05:00,19.11566057659668,0.26723099344739853,0.0,19.116,0.0,-0.0,0.0,0.0,147.65734473684208,-0.0
isla,dmpc,2026-07-24,2026-07-24 23:00:00-05:00,15.171967824941312,0.1513366001713717,0.0,15.172,0.0,-0.0,0.0,0.0,127.53523947368419,-0.0
isla,dmpc,2026-07-25,2026-07-25 00:00:00-05:00,11.269355206115684,0.1010231824945534,0.0,11.269,0.0,-0.0,0.0,0.0,111.56471315789472,-0.0
isla,dmpc,2026-07-25,2026-07-25 01:00:00-05:00,10.694233346499276,0.3259453432444272,0.0,10.694,0.0,-0.0,0.0,0.0,99.70260789473681,-0.0
isla,dmpc,2026-07-25,2026-07-25 02:00:00-05:00,10.694233346499276,0.28214633486556034,0.0,10.694,0.0,-0.0,0.0,0.0,88.44576578947365,-0.0
isla,dmpc,2026-07-25,2026-07-25 03:00:00-05:00,10.694233346499276,0.19720688274317189,0.0,10.694,0.0,-0.0,0.0,0.0,77.1889236842105,-0.0
isla,dmpc,2026-07-25,2026-07-25 04:00:00-05:00,20.224824162999756,0.2113953988317697,50.0,0.0,29.775,-0.0,0.0,0.0,65.93208157894733,-0.0
isla,dmpc,2026-07-25,2026-07-25 05:00:00-05:00,27.33168714254537,0.2212811268612671,50.0,0.0,22.668,-0.0,0.0,0.0,94.21833157894733,-0.0
isla,dmpc,2026-07-25,2026-07-25 06:00:00-05:00,29.385693784032547,0.5807496310128154,50.0,0.0,20.614,-0.0,0.0,0.0,115.75293157894733,-0.0
isla,dmpc,2026-07-25,2026-07-25 07:00:00-05:00,43.17880217378388,3.9077808964091925,50.0,0.0,6.821,-0.0,0.0,0.0,135.33623157894732,-0.0
isla,dmpc,2026-07-25,2026-07-25 08:00:00-05:00,62.53112730631657,9.256976163831466,62.531,0.0,0.0,-0.0,0.0,0.0,141.81618157894732,-0.0
isla,dmpc,2026-07-25,2026-07-25 09:00:00-05:00,62.94192863461401,13.273424006457232,62.942,0.0,0.0,-0.0,0.0,0.0,141.81618157894732,-0.0
isla,dmpc,2026-07-25,2026-07-25 10:00:00-05:00,65.61213726854733,25.2426619748011,65.612,0.0,0.0,-0.0,0.0,0.0,141.81618157894732,-0.0
isla,dmpc,2026-07-25,2026-07-25 11:00:00-05:00,67.17318231607759,27.949358720443538,67.173,0.0,0.0,-0.0,0.0,0.0,141.81618157894732,-0.0
isla,dmpc,2026-07-25,2026-07-25 12:00:00-05:00,73.66384330317705,28.961148336639855,73.664,0.0,0.0,-0.0,0.0,0.0,141.81618157894732,-0.0
isla,dmpc,2026-07-25,2026-07-25 13:00:00-05:00,66.59806045646117,28.67631494560253,66.598,0.0,0.0,-0.0,0.0,0.0,141.81618157894732,-0.0
isla,dmpc,2026-07-25,2026-07-25 14:00:00-05:00,62.44896704065709,25.23202517144591,62.449,0.0,0.0,-0.0,0.0,0.0,141.81618157894732,-0.0
isla,dmpc,2026-07-25,2026-07-25 15:00:00-05:00,61.58628425123247,20.10913100915477,61.586,0.0,0.0,-0.0,0.0,0.0,141.81618157894732,-0.0
isla,dmpc,2026-07-25,2026-07-25 16:00:00-05:00,62.0792458451894,14.137369677311092,62.079,0.0,0.0,-0.0,0.0,0.0,141.81618157894732,-0.0
isla,dmpc,2026-07-25,2026-07-25 17:00:00-05:00,63.252704616230645,6.504646799191125,63.253,0.0,0.0,-0.0,0.0,0.0,141.81618157894732,-0.0
isla,dmpc,2026-07-25,2026-07-25 18:00:00-05:00,80.0,1.0698490308632842,80.0,0.0,0.0,-0.0,0.0,0.0,141.81618157894732,-0.0
isla,dmpc,2026-07-25,2026-07-25 19:00:00-05:00,63.84210898714483,0.3485040462587234,63.842,0.0,0.0,-0.0,0.0,0.0,141.81618157894732,-0.0
isla,dmpc,2026-07-25,2026-07-25 20:00:00-05:00,34.561790520580224,0.16919018162585098,56.967,0.0,22.405,-0.0,0.0,0.0,141.81618157894732,-0.0
isla,dmpc,2026-07-25,2026-07-25 21:00:00-05:00,26.5100844859505,0.11508921389253272,50.0,0.0,23.49,-0.0,0.0,0.0,163.10093157894732,-0.0
isla,dmpc,2026-07-25,2026-07-25 22:00:00-05:00,19.11566057659668,0.1132053537745668,0.0,19.116,0.0,-0.0,0.0,0.0,185.4164315789473,-0.0
isla,dmpc,2026-07-25,2026-07-25 23:00:00-05:00,15.171967824941312,0.11782824789785995,0.0,15.172,0.0,-0.0,0.0,0.0,165.29432631578942,-0.0
isla,dmpc,2026-07-26,2026-07-26 00:00:00-05:00,11.269355206115684,0.23580347651205535,0.0,11.269,0.0,-0.0,0.0,0.0,149.32379999999995,-0.0
isla,dmpc,2026-07-26,2026-07-26 01:00:00-05:00,10.694233346499276,0.20713168739600352,0.0,10.694,0.0,-0.0,0.0,0.0,137.46169473684205,-0.0
isla,dmpc,2026-07-26,2026-07-26 02:00:00-05:00,10.694233346499276,0.1798052345181765,0.0,10.694,0.0,-0.0,0.0,0.0,126.20485263157889,-0.0
isla,dmpc,2026-07-26,2026-07-26 03:00:00-05:00,10.694233346499276,0.1314161156822006,0.0,10.694,0.0,-0.0,0.0,0.0,114.94801052631573,-0.0
isla,dmpc,2026-07-26,2026-07-26 04:00:00-05:00,20.224824162999756,0.24975182836759033,0.0,20.225,0.0,-0.0,0.0,0.0,103.69116842105257,-0.0
isla,dmpc,2026-07-26,2026-07-26 05:00:00-05:00,27.33168714254537,0.19346530545037346,50.0,0.0,22.668,-0.0,0.0,0.0,82.40169473684205,-0.0
isla,dmpc,2026-07-26,2026-07-26 06:00:00-05:00,29.385693784032547,0.5538310870336848,50.0,0.0,15.27,-0.0,0.0,0.0,103.93629473684204,-0.0
isla,dmpc,2026-07-26,2026-07-26 07:00:00-05:00,43.17880217378388,2.6975453236519997,50.0,0.0,6.821,-0.0,0.0,0.0,118.44279473684205,-0.0
isla,dmpc,2026-07-26,2026-07-26 08:00:00-05:00,62.53112730631657,5.911825190764723,62.531,0.0,0.0,-0.0,0.0,0.0,124.92274473684205,-0.0
isla,dmpc,2026-07-26,2026-07-26 09:00:00-05:00,62.94192863461401,7.354332394300523,62.942,0.0,0.0,-0.0,0.0,0.0,124.92274473684205,-0.0
isla,dmpc,2026-07-26,2026-07-26 10:00:00-05:00,65.61213726854733,20.277638605124746,65.612,0.0,0.0,-0.0,0.0,0.0,124.92274473684205,-0.0
isla,dmpc,2026-07-26,2026-07-26 11:00:00-05:00,67.17318231607759,26.217012172376695,67.173,0.0,0.0,-0.0,0.0,0.0,124.92274473684205,-0.0
isla,dmpc,2026-07-26,2026-07-26 12:00:00-05:00,73.66384330317705,25.882588108278384,73.664,0.0,0.0,-0.0,0.0,0.0,124.92274473684205,-0.0
isla,dmpc,2026-07-26,2026-07-26 13:00:00-05:00,66.59806045646117,24.90224978474657,66.598,0.0,0.0,-0.0,0.0,0.0,124.92274473684205,-0.0
isla,dmpc,2026-07-26,2026-07-26 14:00:00-05:00,62.44896704065709,22.87687278004286,62.449,0.0,0.0,-0.0,0.0,0.0,124.92274473684205,-0.0
isla,dmpc,2026-07-26,2026-07-26 15:00:00-05:00,61.58628425123247,18.64929597227474,61.586,0.0,0.0,-0.0,0.0,0.0,124.92274473684205,-0.0
isla,dmpc,2026-07-26,2026-07-26 16:00:00-05:00,62.0792458451894,14.036057359584426,62.079,0.0,0.0,-0.0,0.0,0.0,124.92274473684205,-0.0
isla,dmpc,2026-07-26,2026-07-26 17:00:00-05:00,63.252704616230645,6.755319365566357,63.253,0.0,0.0,-0.0,0.0,0.0,124.92274473684205,-0.0
isla,dmpc,2026-07-26,2026-07-26 18:00:00-05:00,80.0,1.440280241214479,80.0,0.0,0.0,-0.0,0.0,0.0,124.92274473684205,-0.0
isla,dmpc,2026-07-26,2026-07-26 19:00:00-05:00,63.84210898714483,0.17453174767065527,63.842,0.0,0.0,-0.0,0.0,0.0,124.92274473684205,-0.0
isla,dmpc,2026-07-26,2026-07-26 20:00:00-05:00,34.561790520580224,0.08396302401484607,50.0,0.0,15.438,-0.0,0.0,0.0,124.92274473684205,-0.0
isla,dmpc,2026-07-26,2026-07-26 21:00:00-05:00,26.5100844859505,0.2681847443472885,50.0,0.0,23.49,-0.0,0.0,0.0,139.58884473684205,-0.0
isla,dmpc,2026-07-26,2026-07-26 22:00:00-05:00,19.11566057659668,0.3829165475386391,0.0,19.116,0.0,-0.0,0.0,0.0,161.90434473684203,-0.0
isla,dmpc,2026-07-26,2026-07-26 23:00:00-05:00,15.171967824941312,0.11434794916691393,0.0,15.172,0.0,-0.0,0.0,0.0,141.78223947368414,-0.0
isla,dmpc,2026-07-27,2026-07-27 00:00:00-05:00,11.269355206115684,0.07904921617108922,0.0,11.269,0.0,-0.0,0.0,0.0,125.81171315789467,-0.0
isla,dmpc,2026-07-27,2026-07-27 01:00:00-05:00,10.694233346499276,0.11279472896556804,0.0,10.694,0.0,-0.0,0.0,0.0,113.94960789473677,-0.0
isla,dmpc,2026-07-27,2026-07-27 02:00:00-05:00,10.694233346499276,0.06528317800186607,0.0,10.694,0.0,-0.0,0.0,0.0,102.69276578947361,-0.0
isla,dmpc,2026-07-27,2026-07-27 03:00:00-05:00,10.694233346499276,0.19199050198874693,0.0,10.694,0.0,-0.0,0.0,0.0,91.43592368421045,-0.0
isla,dmpc,2026-07-27,2026-07-27 04:00:00-05:00,20.224824162999756,0.2562026970258235,50.0,0.0,29.775,-0.0,0.0,0.0,80.17908157894729,-0.0
isla,dmpc,2026-07-27,2026-07-27 05:00:00-05:00,27.33168714254537,0.27241207220231684,50.0,0.0,22.668,-0.0,0.0,0.0,108.46533157894729,-0.0
isla,dmpc,2026-07-27,2026-07-27 06:00:00-05:00,29.385693784032547,0.4835409538216851,50.0,0.0,17.409,-0.0,0.0,0.0,129.99993157894727,-0.0
isla,dmpc,2026-07-27,2026-07-27 07:00:00-05:00,43.17880217378388,2.989175342466161,50.0,0.0,6.821,-0.0,0.0,0.0,146.53848157894726,-0.0
isla,dmpc,2026-07-27,2026-07-27 08:00:00-05:00,62.53112730631657,8.162453394846285,62.531,0.0,0.0,-0.0,0.0,0.0,153.01843157894726,-0.0
isla,dmpc,2026-07-27,2026-07-27 09:00:00-05:00,62.94192863461401,12.760378694873964,62.942,0.0,0.0,-0.0,0.0,0.0,153.01843157894726,-0.0
isla,dmpc,2026-07-27,2026-07-27 10:00:00-05:00,65.61213726854733,25.722784449610543,65.612,0.0,0.0,-0.0,0.0,0.0,153.01843157894726,-0.0
isla,dmpc,2026-07-27,2026-07-27 11:00:00-05:00,67.17318231607759,28.222820475994215,67.173,0.0,0.0,-0.0,0.0,0.0,153.01843157894726,-0.0
isla,dmpc,2026-07-27,2026-07-27 12:00:00-05:00,73.66384330317705,28.97760039195951,73.664,0.0,0.0,-0.0,0.0,0.0,153.01843157894726,-0.0
isla,dmpc,2026-07-27,2026-07-27 13:00:00-05:00,66.59806045646117,21.828365029432927,66.598,0.0,0.0,-0.0,0.0,0.0,153.01843157894726,-0.0
isla,dmpc,2026-07-27,2026-07-27 14:00:00-05:00,62.44896704065709,14.33140761735907,62.449,0.0,0.0,-0.0,0.0,0.0,153.01843157894726,-0.0
isla,dmpc,2026-07-27,2026-07-27 15:00:00-05:00,61.58628425123247,15.432062531933896,61.586,0.0,0.0,-0.0,0.0,0.0,153.01843157894726,-0.0
isla,dmpc,2026-07-27,2026-07-27 16:00:00-05:00,62.0792458451894,11.228325922465402,62.079,0.0,0.0,-0.0,0.0,0.0,153.01843157894726,-0.0
isla,dmpc,2026-07-27,2026-07-27 17:00:00-05:00,63.252704616230645,5.119660856758533,63.253,0.0,0.0,-0.0,0.0,0.0,153.01843157894726,-0.0
isla,dmpc,2026-07-27,2026-07-27 18:00:00-05:00,80.0,1.375287379739964,80.0,0.0,0.0,-0.0,0.0,0.0,153.01843157894726,-0.0
isla,dmpc,2026-07-27,2026-07-27 19:00:00-05:00,63.84210898714483,0.46221482691444055,63.842,0.0,0.0,-0.0,0.0,0.0,153.01843157894726,-0.0
isla,dmpc,2026-07-27,2026-07-27 20:00:00-05:00,34.561790520580224,0.18803861210951323,50.0,0.0,15.438,-0.0,0.0,0.0,153.01843157894726,-0.0
isla,dmpc,2026-07-27,2026-07-27 21:00:00-05:00,26.5100844859505,0.15460341754403162,50.0,0.0,23.49,-0.0,0.0,0.0,167.68453157894726,-0.0
isla,dmpc,2026-07-27,2026-07-27 22:00:00-05:00,19.11566057659668,0.11553669019956055,0.0,19.116,0.0,-0.0,0.0,0.0,190.0,-0.0
isla,dmpc,2026-07-27,2026-07-27 23:00:00-05:00,15.171967824941312,0.25385287533049233,0.0,15.172,0.0,-0.0,0.0,0.0,169.8778947368421,-0.0
isla,dmpc,2026-07-28,2026-07-28 00:00:00-05:00,11.269355206115684,0.10647369349811968,0.0,11.269,0.0,-0.0,0.0,0.0,153.90736842105264,-0.0
isla,dmpc,2026-07-28,2026-07-28 01:00:00-05:00,10.694233346499276,0.17746525165929328,0.0,10.694,0.0,-0.0,0.0,0.0,142.04526315789474,-0.0
isla,dmpc,2026-07-28,2026-07-28 02:00:00-05:00,10.694233346499276,0.11605066827647577,0.0,10.694,0.0,-0.0,0.0,0.0,130.78842105263158,-0.0
isla,dmpc,2026-07-28,2026-07-28 03:00:00-05:00,10.694233346499276,0.3867322386210092,0.0,10.694,0.0,-0.0,0.0,0.0,119.53157894736842,-0.0
isla,dmpc,2026-07-28,2026-07-28 04:00:00-05:00,20.224824162999756,0.1619220713475392,0.0,20.225,0.0,-0.0,0.0,0.0,108.27473684210526,-0.0
isla,dmpc,2026-07-28,2026-07-28 05:00:00-05:00,27.33168714254537,0.15871086851328498,50.0,0.0,22.668,-0.0,0.0,0.0,86.98526315789474,-0.0
isla,dmpc,2026-07-28,2026-07-28 06:00:00-05:00,29.385693784032547,0.25650818075845533,50.0,0.0,20.614,-0.0,0.0,0.0,108.51986315789473,-0.0
isla,dmpc,2026-07-28,2026-07-28 07:00:00-05:00,43.17880217378388,2.8671929674766106,50.0,0.0,6.821,-0.0,0.0,0.0,128.10316315789473,-0.0
isla,dmpc,2026-07-28,2026-07-28 08:00:00-05:00,62.53112730631657,7.739211107324716,62.531,0.0,0.0,-0.0,0.0,0.0,134.58311315789473,-0.0
isla,dmpc,2026-07-28,2026-07-28 09:00:00-05:00,62.94192863461401,12.64242980727272,62.942,0.0,0.0,-0.0,0.0,0.0,134.58311315789473,-0.0
isla,dmpc,2026-07-28,2026-07-28 10:00:00-05:00,65.61213726854733,26.185094791099342,65.612,0.0,0.0,-0.0,0.0,0.0,134.58311315789473,-0.0
isla,dmpc,2026-07-28,2026-07-28 11:00:00-05:00,67.17318231607759,29.141174664296287,67.173,0.0,0.0,-0.0,0.0,0.0,134.58311315789473,-0.0
isla,dmpc,2026-07-28,2026-07-28 12:00:00-05:00,73.66384330317705,28.674446324362396,73.664,0.0,0.0,-0.0,0.0,0.0,134.58311315789473,-0.0
isla,dmpc,2026-07-28,2026-07-28 13:00:00-05:00,66.59806045646117,27.420761432101063,66.598,0.0,0.0,-0.0,0.0,0.0,134.58311315789473,-0.0
isla,dmpc,2026-07-28,2026-07-28 14:00:00-05:00,62.44896704065709,25.004963577932532,62.449,0.0,0.0,-0.0,0.0,0.0,134.58311315789473,-0.0
isla,dmpc,2026-07-28,2026-07-28 15:00:00-05:00,61.58628425123247,20.36708853054675,61.586,0.0,0.0,-0.0,0.0,0.0,134.58311315789473,-0.0
isla,dmpc,2026-07-28,2026-07-28 16:00:00-05:00,62.0792458451894,13.634741099447806,62.079,0.0,0.0,-0.0,0.0,0.0,134.58311315789473,-0.0
isla,dmpc,2026-07-28,2026-07-28 17:00:00-05:00,63.252704616230645,6.712380814309037,63.253,0.0,0.0,-0.0,0.0,0.0,134.58311315789473,-0.0
isla,dmpc,2026-07-28,2026-07-28 18:00:00-05:00,80.0,1.3876330367383207,80.0,0.0,0.0,-0.0,0.0,0.0,134.58311315789473,-0.0
isla,dmpc,2026-07-28,2026-07-28 19:00:00-05:00,63.84210898714483,0.2067892909401772,63.842,0.0,0.0,-0.0,0.0,0.0,134.58311315789473,-0.0
isla,dmpc,2026-07-28,2026-07-28 20:00:00-05:00,34.561790520580224,0.19521915618602315,50.0,0.0,15.438,-0.0,0.0,0.0,134.58311315789473,-0.0
isla,dmpc,2026-07-28,2026-07-28 21:00:00-05:00,26.5100844859505,0.2905875845794315,50.0,0.0,22.633,-0.0,0.0,0.0,149.24921315789473,-0.0
isla,dmpc,2026-07-28,2026-07-28 22:00:00-05:00,19.11566057659668,0.33093891605602854,0.0,19.116,0.0,-0.0,0.0,0.0,170.75056315789473,-0.0
isla,dmpc,2026-07-28,2026-07-28 23:00:00-05:00,15.171967824941312,0.11491448741341188,0.0,15.172,0.0,-0.0,0.0,0.0,150.62845789473684,-0.0
isla,dmpc,2026-07-29,2026-07-29 00:00:00-05:00,11.269355206115684,0.2683939873936347,0.0,11.269,0.0,-0.0,0.0,0.0,134.65793157894737,-0.0
isla,dmpc,2026-07-29,2026-07-29 01:00:00-05:00,10.694233346499276,0.3092840521957635,0.0,10.694,0.0,-0.0,0.0,0.0,122.79582631578947,-0.0
isla,dmpc,2026-07-29,2026-07-29 02:00:00-05:00,10.694233346499276,0.09430579273420377,0.0,10.694,0.0,-0.0,0.0,0.0,111.53898421052631,-0.0
isla,dmpc,2026-07-29,2026-07-29 03:00:00-05:00,10.694233346499276,0.2881391221042023,0.0,10.694,0.0,-0.0,0.0,0.0,100.28214210526315,-0.0
isla,dmpc,2026-07-29,2026-07-29 04:00:00-05:00,20.224824162999756,0.06424514263342353,0.0,20.225,0.0,-0.0,0.0,0.0,89.02529999999999,-0.0
isla,dmpc,2026-07-29,2026-07-29 05:00:00-05:00,27.33168714254537,0.20416909785750503,50.0,0.0,22.668,-0.0,0.0,0.0,67.73582631578947,-0.0
isla,dmpc,2026-07-29,2026-07-29 06:00:00-05:00,29.385693784032547,0.3117386960346875,60.093,0.0,30.708,-0.0,0.0,0.0,89.27042631578946,-0.0
isla,dmpc,2026-07-29,2026-07-29 07:00:00-05:00,43.17880217378388,3.5518263740266236,50.0,0.0,6.821,-0.0,0.0,0.0,118.44302631578947,-0.0
isla,dmpc,2026-07-29,2026-07-29 08:00:00-05:00,62.53112730631657,7.95879467905105,62.531,0.0,0.0,-0.0,0.0,0.0,124.92297631578947,-0.0
isla,dmpc,2026-07-29,2026-07-29 09:00:00-05:00,62.94192863461401,11.011644710525637,62.942,0.0,0.0,-0.0,0.0,0.0,124.92297631578947,-0.0
isla,dmpc,2026-07-29,2026-07-29 10:00:00-05:00,65.61213726854733,22.70057967960963,65.612,0.0,0.0,-0.0,0.0,0.0,124.92297631578947,-0.0
isla,dmpc,2026-07-29,2026-07-29 11:00:00-05:00,67.17318231607759,24.6794353412545,67.173,0.0,0.0,-0.0,0.0,0.0,124.92297631578947,-0.0
isla,dmpc,2026-07-29,2026-07-29 12:00:00-05:00,73.66384330317705,24.191170650817668,73.664,0.0,0.0,-0.0,0.0,0.0,124.92297631578947,-0.0
isla,dmpc,2026-07-29,2026-07-29 13:00:00-05:00,66.59806045646117,23.01463883014381,66.598,0.0,0.0,-0.0,0.0,0.0,124.92297631578947,-0.0
isla,dmpc,2026-07-29,2026-07-29 14:00:00-05:00,62.44896704065709,20.8102738022526,62.449,0.0,0.0,-0.0,0.0,0.0,124.92297631578947,-0.0
isla,dmpc,2026-07-29,2026-07-29 15:00:00-05:00,61.58628425123247,19.69661117289782,61.586,0.0,0.0,-0.0,0.0,0.0,124.92297631578947,-0.0
isla,dmpc,2026-07-29,2026-07-29 16:00:00-05:00,62.0792458451894,13.194107431849211,62.079,0.0,0.0,-0.0,0.0,0.0,124.92297631578947,-0.0
isla,dmpc,2026-07-29,2026-07-29 17:00:00-05:00,63.252704616230645,5.976384712065548,63.253,0.0,0.0,-0.0,0.0,0.0,124.92297631578947,-0.0
isla,dmpc,2026-07-29,2026-07-29 18:00:00-05:00,80.0,1.3866598393834508,80.0,0.0,0.0,-0.0,0.0,0.0,124.92297631578947,-0.0
isla,dmpc,2026-07-29,2026-07-29 19:00:00-05:00,63.84210898714483,0.13512775674577024,63.842,0.0,0.0,-0.0,0.0,0.0,124.92297631578947,-0.0
isla,dmpc,2026-07-29,2026-07-29 20:00:00-05:00,34.561790520580224,0.124568276356397,50.0,0.0,15.438,-0.0,0.0,0.0,124.92297631578947,-0.0
isla,dmpc,2026-07-29,2026-07-29 21:00:00-05:00,26.5100844859505,0.130411300739847,50.0,0.0,23.49,-0.0,0.0,0.0,139.58907631578947,-0.0
isla,dmpc,2026-07-29,2026-07-29 22:00:00-05:00,19.11566057659668,0.17466877327774044,0.0,19.116,0.0,-0.0,0.0,0.0,161.90457631578946,-0.0
isla,dmpc,2026-07-29,2026-07-29 23:00:00-05:00,15.171967824941312,0.20006297459945444,0.0,15.172,0.0,-0.0,0.0,0.0,141.78247105263156,-0.0
isla,dmpc,2026-07-30,2026-07-30 00:00:00-05:00,11.269355206115684,0.04736554292959386,0.0,11.269,0.0,-0.0,0.0,0.0,125.8119447368421,-0.0
isla,dmpc,2026-07-30,2026-07-30 01:00:00-05:00,10.694233346499276,0.16091165280036243,0.0,10.694,0.0,-0.0,0.0,0.0,113.9498394736842,-0.0
isla,dmpc,2026-07-30,2026-07-30 02:00:00-05:00,10.694233346499276,0.2406664639331971,0.0,10.694,0.0,-0.0,0.0,0.0,102.69299736842103,-0.0
isla,dmpc,2026-07-30,2026-07-30 03:00:00-05:00,10.694233346499276,0.2852592450340727,0.0,10.694,0.0,-0.0,0.0,0.0,91.43615526315787,-0.0
isla,dmpc,2026-07-30,2026-07-30 04:00:00-05:00,20.224824162999756,0.23281127276475208,0.0,20.225,0.0,-0.0,0.0,0.0,80.17931315789471,-0.0
isla,dmpc,2026-07-30,2026-07-30 05:00:00-05:00,27.33168714254537,0.06628791340017874,50.0,0.0,22.668,-0.0,0.0,0.0,58.889839473684184,-0.0
isla,dmpc,2026-07-30,2026-07-30 06:00:00-05:00,29.385693784032547,0.2336950914044912,50.0,0.0,20.614,-0.0,0.0,0.0,80.42443947368417,-0.0
isla,dmpc,2026-07-30,2026-07-30 07:00:00-05:00,43.17880217378388,2.4659025783871704,50.0,0.0,0.0,-0.0,0.0,0.0,100.00773947368418,-0.0
isla,dmpc,2026-07-30,2026-07-30 08:00:00-05:00,62.53112730631657,6.329339493614854,57.501,0.0,0.0,-0.0,0.0,0.0,100.00773947368418,-0.0
isla,dmpc,2026-07-30,2026-07-30 09:00:00-05:00,62.94192863461401,10.96660638276696,55.963,0.0,0.0,-0.0,0.0,0.0,100.00773947368418,-0.0
isla,dmpc,2026-07-30,2026-07-30 10:00:00-05:00,65.61213726854733,24.80100188694801,50.0,0.0,1.866,-0.0,0.0,0.0,100.00773947368418,-0.0
isla,dmpc,2026-07-30,2026-07-30 11:00:00-05:00,67.17318231607759,27.027900216544825,50.0,0.0,4.306,-0.0,0.0,0.0,101.78043947368418,-0.0
isla,dmpc,2026-07-30,2026-07-30 12:00:00-05:00,73.66384330317705,28.801480203896062,52.19,0.0,0.0,-0.0,0.0,0.0,105.87113947368418,-0.0
isla,dmpc,2026-07-30,2026-07-30 13:00:00-05:00,66.59806045646117,27.3414293895944,50.0,0.0,4.437,-0.0,0.0,0.0,105.87113947368418,-0.0
isla,dmpc,2026-07-30,2026-07-30 14:00:00-05:00,62.44896704065709,23.788065736714852,50.0,0.0,4.006,-0.0,0.0,0.0,110.08628947368418,-0.0
isla,dmpc,2026-07-30,2026-07-30 15:00:00-05:00,61.58628425123247,19.422925510774117,50.0,0.0,0.822,-0.0,0.0,0.0,113.89198947368418,-0.0
isla,dmpc,2026-07-30,2026-07-30 16:00:00-05:00,62.0792458451894,13.820612258750389,55.186,0.0,0.0,-0.0,0.0,0.0,114.67288947368418,-0.0
isla,dmpc,2026-07-30,2026-07-30 17:00:00-05:00,63.252704616230645,6.127426368968263,59.645,0.0,0.0,-0.0,0.0,0.0,114.67288947368418,-0.0
isla,dmpc,2026-07-30,2026-07-30 18:00:00-05:00,80.0,1.2308710405513095,79.885,0.0,0.0,-0.0,0.0,0.0,114.67288947368418,-0.0
isla,dmpc,2026-07-30,2026-07-30 19:00:00-05:00,63.84210898714483,0.09457816073754499,63.842,0.0,0.0,-0.0,0.0,0.0,114.67288947368418,-0.0
isla,dmpc,2026-07-30,2026-07-30 20:00:00-05:00,34.561790520580224,0.23536258944745791,50.0,0.0,15.438,-0.0,0.0,0.0,114.67288947368418,-0.0
isla,dmpc,2026-07-30,2026-07-30 21:00:00-05:00,26.5100844859505,0.05567090532128096,50.0,0.0,23.49,-0.0,0.0,0.0,129.3389894736842,-0.0
isla,dmpc,2026-07-30,2026-07-30 22:00:00-05:00,19.11566057659668,0.20335682464942725,0.0,19.116,0.0,-0.0,0.0,0.0,151.65448947368418,-0.0
isla,dmpc,2026-07-30,2026-07-30 23:00:00-05:00,15.171967824941312,0.2967764474412126,0.0,15.172,0.0,-0.0,0.0,0.0,131.5323842105263,-0.0
isla,dmpc,2026-07-31,2026-07-31 00:00:00-05:00,11.269355206115684,0.0736756991456922,0.0,11.269,0.0,-0.0,0.0,0.0,115.5618578947368,-0.0
isla,dmpc,2026-07-31,2026-07-31 01:00:00-05:00,10.694233346499276,0.1797864066481685,0.0,10.694,0.0,-0.0,0.0,0.0,103.6997526315789,-0.0
isla,dmpc,2026-07-31,2026-07-31 02:00:00-05:00,10.694233346499276,0.2302754810461621,0.0,10.694,0.0,-0.0,0.0,0.0,92.44291052631574,-0.0
isla,dmpc,2026-07-31,2026-07-31 03:00:00-05:00,10.694233346499276,0.30586905534922765,0.0,10.694,0.0,-0.0,0.0,0.0,81.18606842105258,-0.0
isla,dmpc,2026-07-31,2026-07-31 04:00:00-05:00,20.224824162999756,0.06465588801072078,0.0,20.225,0.0,-0.0,0.0,0.0,69.92922631578942,-0.0
isla,dmpc,2026-07-31,2026-07-31 05:00:00-05:00,27.33168714254537,0.11691680920720082,50.0,0.0,22.668,-0.0,0.0,0.0,48.639752631578894,-0.0
isla,dmpc,2026-07-31,2026-07-31 06:00:00-05:00,29.385693784032547,0.44271208517125554,50.0,0.0,20.614,-0.0,0.0,0.0,70.1743526315789,-0.0
isla,dmpc,2026-07-31,2026-07-31 07:00:00-05:00,43.17880217378388,2.517585665187435,50.0,0.0,8.61,-0.0,0.0,0.0,89.7576526315789,-0.0
isla,dmpc,2026-07-31,2026-07-31 08:00:00-05:00,62.53112730631657,7.17430343472574,58.169,0.0,0.0,-0.0,0.0,0.0,97.93715263157891,-0.0
isla,dmpc,2026-07-31,2026-07-31 09:00:00-05:00,62.94192863461401,11.077753232492384,56.341,0.0,0.0,-0.0,0.0,0.0,97.93715263157891,-0.0
isla,dmpc,2026-07-31,2026-07-31 10:00:00-05:00,65.61213726854733,22.798150493452198,50.0,0.0,2.863,-0.0,0.0,0.0,97.93715263157891,-0.0
isla,dmpc,2026-07-31,2026-07-31 11:00:00-05:00,67.17318231607759,25.1505621935846,50.0,0.0,3.094,-0.0,0.0,0.0,100.6570026315789,-0.0
isla,dmpc,2026-07-31,2026-07-31 12:00:00-05:00,73.66384330317705,27.677476312445382,52.502,0.0,0.0,-0.0,0.0,0.0,103.59630263157891,-0.0
isla,dmpc,2026-07-31,2026-07-31 13:00:00-05:00,66.59806045646117,27.904631516439355,50.0,0.0,4.593,-0.0,0.0,0.0,103.59630263157891,-0.0
isla,dmpc,2026-07-31,2026-07-31 14:00:00-05:00,62.44896704065709,24.753237286598864,50.0,0.0,5.455,-0.0,0.0,0.0,107.9596526315789,-0.0
isla,dmpc,2026-07-31,2026-07-31 15:00:00-05:00,61.58628425123247,20.687712074562302,50.0,0.0,0.161,-0.0,0.0,0.0,113.1419026315789,-0.0
isla,dmpc,2026-07-31,2026-07-31 16:00:00-05:00,62.0792458451894,12.86799977586543,54.577,0.0,0.0,-0.0,0.0,0.0,113.2948526315789,-0.0
isla,dmpc,2026-07-31,2026-07-31 17:00:00-05:00,63.252704616230645,6.017094532456987,59.489,0.0,0.0,-0.0,0.0,0.0,113.2948526315789,-0.0
isla,dmpc,2026-07-31,2026-07-31 18:00:00-05:00,80.0,1.4614728976306166,79.825,0.0,0.0,-0.0,0.0,0.0,113.2948526315789,-0.0
isla,dmpc,2026-07-31,2026-07-31 19:00:00-05:00,63.84210898714483,0.17447461687475108,63.842,0.0,0.0,-0.0,0.0,0.0,113.2948526315789,-0.0
isla,dmpc,2026-07-31,2026-07-31 20:00:00-05:00,34.561790520580224,0.17615931527643747,50.0,0.0,15.438,-0.0,0.0,0.0,113.2948526315789,-0.0
isla,dmpc,2026-07-31,2026-07-31 21:00:00-05:00,26.5100844859505,0.16537884626582333,50.0,0.0,23.49,-0.0,0.0,0.0,127.9609526315789,-0.0
isla,dmpc,2026-07-31,2026-07-31 22:00:00-05:00,19.11566057659668,0.3744224128240054,0.0,19.116,0.0,-0.0,0.0,0.0,150.2764526315789,-0.0
isla,dmpc,2026-07-31,2026-07-31 23:00:00-05:00,15.171967824941312,0.24449604534355038,0.0,15.172,0.0,-0.0,0.0,0.0,130.154347368421,-0.0
isla,dmpc,2026-08-01,2026-08-01 00:00:00-05:00,11.269355206115684,0.3026412921441914,0.0,11.269,0.0,-0.0,0.0,0.0,114.18382105263154,-0.0
isla,dmpc,2026-08-01,2026-08-01 01:00:00-05:00,10.694233346499276,0.3106342565457664,0.0,10.694,0.0,-0.0,0.0,0.0,102.32171578947364,-0.0
isla,dmpc,2026-08-01,2026-08-01 02:00:00-05:00,10.694233346499276,0.29208168719821553,0.0,10.694,0.0,-0.0,0.0,0.0,91.06487368421048,-0.0
isla,dmpc,2026-08-01,2026-08-01 03:00:00-05:00,10.694233346499276,0.24232608561930494,0.0,10.694,0.0,-0.0,0.0,0.0,79.80803157894732,-0.0
isla,dmpc,2026-08-01,2026-08-01 04:00:00-05:00,20.224824162999756,0.22927336810553098,0.0,20.225,0.0,-0.0,0.0,0.0,68.55118947368416,-0.0
isla,dmpc,2026-08-01,2026-08-01 05:00:00-05:00,27.33168714254537,0.3130508756650217,50.0,0.0,22.668,-0.0,0.0,0.0,47.261715789473634,-0.0
isla,dmpc,2026-08-01,2026-08-01 06:00:00-05:00,29.385693784032547,0.3158292406738301,50.0,0.0,20.614,-0.0,0.0,0.0,68.79631578947362,-0.0
isla,dmpc,2026-08-01,2026-08-01 07:00:00-05:00,43.17880217378388,2.8592249754486816,50.0,0.0,0.0,-0.0,0.0,0.0,88.37961578947363,-0.0
isla,dmpc,2026-08-01,2026-08-01 08:00:00-05:00,62.53112730631657,8.202910852080795,57.484,0.0,0.0,-0.0,0.0,0.0,88.37961578947363,-0.0
isla,dmpc,2026-08-01,2026-08-01 09:00:00-05:00,62.94192863461401,13.205521851725711,54.273,0.0,0.0,-0.0,0.0,0.0,88.37961578947363,-0.0
isla,dmpc,2026-08-01,2026-08-01 10:00:00-05:00,65.61213726854733,26.06729959191387,50.0,0.0,4.572,-0.0,0.0,0.0,88.37961578947363,-0.0
isla,dmpc,2026-08-01,2026-08-01 11:00:00-05:00,67.17318231607759,28.7691415215084,50.0,0.0,5.811,-0.0,0.0,0.0,92.72301578947364,-0.0
isla,dmpc,2026-08-01,2026-08-01 12:00:00-05:00,73.66384330317705,29.674437797326686,50.696,0.0,0.0,-0.0,0.0,0.0,98.24346578947363,-0.0
isla,dmpc,2026-08-01,2026-08-01 13:00:00-05:00,66.59806045646117,27.939122092248862,50.0,0.0,6.19,-0.0,0.0,0.0,98.24346578947363,-0.0
isla,dmpc,2026-08-01,2026-08-01 14:00:00-05:00,62.44896704065709,24.3418982421215,50.0,0.0,4.136,-0.0,0.0,0.0,104.12396578947363,-0.0
isla,dmpc,2026-08-01,2026-08-01 15:00:00-05:00,61.58628425123247,18.526995685040763,50.0,0.0,1.017,-0.0,0.0,0.0,108.05316578947362,-0.0
isla,dmpc,2026-08-01,2026-08-01 16:00:00-05:00,62.0792458451894,12.78093129906089,54.709,0.0,0.0,-0.0,0.0,0.0,109.01931578947362,-0.0
isla,dmpc,2026-08-01,2026-08-01 17:00:00-05:00,63.252704616230645,6.368268723052732,59.777,0.0,0.0,-0.0,0.0,0.0,109.01931578947362,-0.0
isla,dmpc,2026-08-01,2026-08-01 18:00:00-05:00,80.0,1.408783945793071,80.0,0.0,0.0,-0.0,0.0,0.0,109.01931578947362,-0.0
isla,dmpc,2026-08-01,2026-08-01 19:00:00-05:00,63.84210898714483,0.23823196819944026,63.842,0.0,0.0,-0.0,0.0,0.0,109.01931578947362,-0.0
isla,dmpc,2026-08-01,2026-08-01 20:00:00-05:00,34.561790520580224,0.1212277247293914,50.0,0.0,15.438,-0.0,0.0,0.0,109.01931578947362,-0.0
isla,dmpc,2026-08-01,2026-08-01 21:00:00-05:00,26.5100844859505,0.37311179570442565,50.0,0.0,23.49,-0.0,0.0,0.0,123.68541578947362,-0.0
isla,dmpc,2026-08-01,2026-08-01 22:00:00-05:00,19.11566057659668,0.3357722813786781,0.0,19.116,0.0,-0.0,0.0,0.0,146.00091578947362,-0.0
isla,dmpc,2026-08-01,2026-08-01 23:00:00-05:00,15.171967824941312,0.3061463669459622,0.0,15.172,0.0,-0.0,0.0,0.0,125.87881052631573,-0.0
isla,dmpc,2026-08-02,2026-08-02 00:00:00-05:00,11.269355206115684,0.22341294815176924,0.0,11.269,0.0,-0.0,0.0,0.0,109.90828421052625,-0.0
isla,dmpc,2026-08-02,2026-08-02 01:00:00-05:00,10.694233346499276,0.11791034605236095,0.0,10.694,0.0,-0.0,0.0,0.0,98.04617894736835,-0.0
isla,dmpc,2026-08-02,2026-08-02 02:00:00-05:00,10.694233346499276,0.29816033663686875,0.0,10.694,0.0,-0.0,0.0,0.0,86.78933684210519,-0.0
isla,dmpc,2026-08-02,2026-08-02 03:00:00-05:00,10.694233346499276,0.1294752707259519,0.0,10.694,0.0,-0.0,0.0,0.0,75.53249473684203,-0.0
isla,dmpc,2026-08-02,2026-08-02 04:00:00-05:00,20.224824162999756,0.2649972860756896,0.0,20.225,0.0,-0.0,0.0,0.0,64.27565263157886,-0.0
isla,dmpc,2026-08-02,2026-08-02 05:00:00-05:00,27.33168714254537,0.08352367661662848,50.0,0.0,22.668,-0.0,0.0,0.0,42.98617894736834,-0.0
isla,dmpc,2026-08-02,2026-08-02 06:00:00-05:00,29.385693784032547,0.40172100277704886,50.0,0.0,20.614,-0.0,0.0,0.0,64.52077894736834,-0.0
isla,dmpc,2026-08-02,2026-08-02 07:00:00-05:00,43.17880217378388,3.307144797143259,50.0,0.0,9.268,-0.0,0.0,0.0,84.10407894736835,-0.0
isla,dmpc,2026-08-02,2026-08-02 08:00:00-05:00,62.53112730631657,8.96799537111337,57.421,0.0,0.0,-0.0,0.0,0.0,92.90867894736834,-0.0
isla,dmpc,2026-08-02,2026-08-02 09:00:00-05:00,62.94192863461401,13.294889715820444,53.704,0.0,0.0,-0.0,0.0,0.0,92.90867894736834,-0.0
isla,dmpc,2026-08-02,2026-08-02 10:00:00-05:00,65.61213726854733,26.06101395293518,50.0,0.0,4.345,-0.0,0.0,0.0,92.90867894736834,-0.0
isla,dmpc,2026-08-02,2026-08-02 11:00:00-05:00,67.17318231607759,28.793863831122863,50.0,0.0,5.446,-0.0,0.0,0.0,97.03642894736835,-0.0
isla,dmpc,2026-08-02,2026-08-02 12:00:00-05:00,73.66384330317705,30.83126681632348,51.433,0.0,0.0,-0.0,0.0,0.0,102.21012894736835,-0.0
isla,dmpc,2026-08-02,2026-08-02 13:00:00-05:00,66.59806045646117,28.56418398541955,50.0,0.0,6.383,-0.0,0.0,0.0,102.21012894736835,-0.0
isla,dmpc,2026-08-02,2026-08-02 14:00:00-05:00,62.44896704065709,25.22677103832332,50.0,0.0,4.953,-0.0,0.0,0.0,108.27397894736835,-0.0
isla,dmpc,2026-08-02,2026-08-02 15:00:00-05:00,61.58628425123247,20.75828508162166,66.667,0.0,17.298,-0.0,0.0,0.0,112.97932894736834,-0.0
isla,dmpc,2026-08-02,2026-08-02 16:00:00-05:00,62.0792458451894,14.145263341058849,54.507,0.0,0.0,-0.0,0.0,0.0,129.41242894736834,-0.0
isla,dmpc,2026-08-02,2026-08-02 17:00:00-05:00,63.252704616230645,6.882275549198918,59.591,0.0,0.0,-0.0,0.0,0.0,129.41242894736834,-0.0
isla,dmpc,2026-08-02,2026-08-02 18:00:00-05:00,80.0,1.000463113490338,79.887,0.0,0.0,-0.0,0.0,0.0,129.41242894736834,-0.0
isla,dmpc,2026-08-02,2026-08-02 19:00:00-05:00,63.84210898714483,0.3781273867875901,63.842,0.0,0.0,-0.0,0.0,0.0,129.41242894736834,-0.0
isla,dmpc,2026-08-02,2026-08-02 20:00:00-05:00,34.561790520580224,0.24703252926953445,50.0,0.0,15.438,-0.0,0.0,0.0,129.41242894736834,-0.0
isla,dmpc,2026-08-02,2026-08-02 21:00:00-05:00,26.5100844859505,0.26584780405718866,50.0,0.0,2.801,-0.0,0.0,0.0,144.07852894736834,-0.0
isla,dmpc,2026-08-02,2026-08-02 22:00:00-05:00,19.11566057659668,0.2440840393152426,0.0,19.116,0.0,-0.0,0.0,0.0,146.73947894736835,-0.0
isla,dmpc,2026-08-02,2026-08-02 23:00:00-05:00,15.171967824941312,0.04792586722339378,0.0,15.172,0.0,-0.0,0.0,0.0,126.61737368421046,-0.0
isla,dmpc,2026-08-03,2026-08-03 00:00:00-05:00,11.269355206115684,0.18628456624786302,0.0,11.269,0.0,-0.0,0.0,0.0,110.64684736842099,-0.0
isla,dmpc,2026-08-03,2026-08-03 01:00:00-05:00,10.694233346499276,0.12030121039958912,0.0,10.694,0.0,-0.0,0.0,0.0,98.78474210526309,-0.0
isla,dmpc,2026-08-03,2026-08-03 02:00:00-05:00,10.694233346499276,0.24739876141929804,0.0,10.694,0.0,-0.0,0.0,0.0,87.52789999999993,-0.0
isla,dmpc,2026-08-03,2026-08-03 03:00:00-05:00,10.694233346499276,0.2716421043266146,0.0,10.694,0.0,-0.0,0.0,0.0,76.27105789473677,-0.0
isla,dmpc,2026-08-03,2026-08-03 04:00:00-05:00,20.224824162999756,0.18857804890103194,0.0,20.225,0.0,-0.0,0.0,0.0,65.01421578947361,-0.0
isla,dmpc,2026-08-03,2026-08-03 05:00:00-05:00,27.33168714254537,0.3263378124738335,50.0,0.0,22.668,-0.0,0.0,0.0,43.72474210526308,-0.0
isla,dmpc,2026-08-03,2026-08-03 06:00:00-05:00,29.385693784032547,0.46284335948909067,50.0,0.0,20.614,-0.0,0.0,0.0,65.25934210526307,-0.0
isla,dmpc,2026-08-03,2026-08-03 07:00:00-05:00,43.17880217378388,3.5134787681115847,50.0,0.0,8.656,-0.0,0.0,0.0,84.84264210526308,-0.0
isla,dmpc,2026-08-03,2026-08-03 08:00:00-05:00,62.53112730631657,7.850283132208385,56.675,0.0,0.0,-0.0,0.0,0.0,93.06584210526309,-0.0
isla,dmpc,2026-08-03,2026-08-03 09:00:00-05:00,62.94192863461401,12.080106822783987,54.092,0.0,0.0,-0.0,0.0,0.0,93.06584210526309,-0.0
isla,dmpc,2026-08-03,2026-08-03 10:00:00-05:00,65.61213726854733,26.40806640976677,50.0,0.0,2.807,-0.0,0.0,0.0,93.06584210526309,-0.0
isla,dmpc,2026-08-03,2026-08-03 11:00:00-05:00,67.17318231607759,27.142811149970886,50.0,0.0,0.0,-0.0,0.0,0.0,95.73249210526309,-0.0
isla,dmpc,2026-08-03,2026-08-03 12:00:00-05:00,73.66384330317705,25.12326050809864,51.198,0.0,0.0,-0.0,0.0,0.0,95.73249210526309,-0.0
isla,dmpc,2026-08-03,2026-08-03 13:00:00-05:00,66.59806045646117,21.971257408466418,50.0,0.0,4.483,-0.0,0.0,0.0,95.73249210526309,-0.0
isla,dmpc,2026-08-03,2026-08-03 14:00:00-05:00,62.44896704065709,16.36792079566389,50.0,0.0,3.344,-0.0,0.0,0.0,99.99134210526309,-0.0
isla,dmpc,2026-08-03,2026-08-03 15:00:00-05:00,61.58628425123247,10.310421915628886,51.532,0.0,0.0,-0.0,0.0,0.0,103.16814210526309,-0.0
isla,dmpc,2026-08-03,2026-08-03 16:00:00-05:00,62.0792458451894,4.600709570619381,54.955,0.0,0.0,0.0,2.52353627457002,2.52353627457002,103.16814210526309,0.0
isla,dmpc,2026-08-03,2026-08-03 17:00:00-05:00,63.252704616230645,3.20940820738465,59.943,0.0,0.0,0.0,0.100296408845999,0.100296408845999,103.16814210526309,0.0
isla,dmpc,2026-08-03,2026-08-03 18:00:00-05:00,80.0,1.3927347582221008,80.0,0.0,0.0,-0.0,0.0,0.0,103.16814210526309,-0.0
isla,dmpc,2026-08-03,2026-08-03 19:00:00-05:00,63.84210898714483,0.23894181722250993,63.842,0.0,0.0,-0.0,0.0,0.0,103.16814210526309,-0.0
isla,dmpc,2026-08-03,2026-08-03 20:00:00-05:00,34.561790520580224,0.16679594069880688,50.0,0.0,15.438,-0.0,0.0,0.0,103.16814210526309,-0.0
isla,dmpc,2026-08-03,2026-08-03 21:00:00-05:00,26.5100844859505,0.34082824049655214,62.78,0.0,36.27,-0.0,0.0,0.0,117.83424210526309,-0.0
isla,dmpc,2026-08-03,2026-08-03 22:00:00-05:00,19.11566057659668,0.16303308668159225,0.0,19.116,0.0,-0.0,0.0,0.0,152.2907421052631,-0.0
isla,dmpc,2026-08-03,2026-08-03 23:00:00-05:00,15.171967824941312,0.19959508039068977,0.0,15.172,0.0,-0.0,0.0,0.0,132.1686368421052,-0.0
isla,dmpc,2026-08-04,2026-08-04 00:00:00-05:00,11.269355206115684,0.23303948216469306,0.0,11.269,0.0,-0.0,0.0,0.0,116.19811052631573,-0.0
isla,dmpc,2026-08-04,2026-08-04 01:00:00-05:00,10.694233346499276,0.052292029018679485,0.0,10.694,0.0,-0.0,0.0,0.0,104.33600526315783,-0.0
isla,dmpc,2026-08-04,2026-08-04 02:00:00-05:00,10.694233346499276,0.18489809273456814,0.0,10.694,0.0,-0.0,0.0,0.0,93.07916315789467,-0.0
isla,dmpc,2026-08-04,2026-08-04 03:00:00-05:00,10.694233346499276,0.18661034522512157,0.0,10.694,0.0,-0.0,0.0,0.0,81.82232105263151,-0.0
isla,dmpc,2026-08-04,2026-08-04 04:00:00-05:00,20.224824162999756,0.258817836188519,0.0,20.225,0.0,-0.0,0.0,0.0,70.56547894736835,-0.0
isla,dmpc,2026-08-04,2026-08-04 05:00:00-05:00,27.33168714254537,0.26203249143326157,50.0,0.0,22.668,-0.0,0.0,0.0,49.27600526315782,-0.0
isla,dmpc,2026-08-04,2026-08-04 06:00:00-05:00,29.385693784032547,0.43632194744324754,50.0,0.0,20.614,-0.0,0.0,0.0,70.81060526315781,-0.0
isla,dmpc,2026-08-04,2026-08-04 07:00:00-05:00,43.17880217378388,2.926495263372171,50.0,0.0,8.74,-0.0,0.0,0.0,90.39390526315782,-0.0
isla,dmpc,2026-08-04,2026-08-04 08:00:00-05:00,62.53112730631657,8.012926475822816,58.206,0.0,0.0,-0.0,0.0,0.0,98.69690526315782,-0.0
isla,dmpc,2026-08-04,2026-08-04 09:00:00-05:00,62.94192863461401,12.80448412098898,53.7,0.0,0.0,-0.0,0.0,0.0,98.69690526315782,-0.0
isla,dmpc,2026-08-04,2026-08-04 10:00:00-05:00,65.61213726854733,26.465719349960455,50.0,0.0,4.161,-0.0,0.0,0.0,98.69690526315782,-0.0
isla,dmpc,2026-08-04,2026-08-04 11:00:00-05:00,67.17318231607759,30.744008914006486,50.0,0.0,4.491,-0.0,0.0,0.0,102.64985526315782,-0.0
isla,dmpc,2026-08-04,2026-08-04 12:00:00-05:00,73.66384330317705,31.083059009531,51.538,0.0,0.0,-0.0,0.0,0.0,106.91630526315782,-0.0
isla,dmpc,2026-08-04,2026-08-04 13:00:00-05:00,66.59806045646117,28.925965436386292,50.0,0.0,5.074,-0.0,0.0,0.0,106.91630526315782,-0.0
isla,dmpc,2026-08-04,2026-08-04 14:00:00-05:00,62.44896704065709,25.108023679305422,50.0,0.0,4.334,-0.0,0.0,0.0,111.73660526315783,-0.0
isla,dmpc,2026-08-04,2026-08-04 15:00:00-05:00,61.58628425123247,18.44169523142227,51.33,0.0,0.0,-0.0,0.0,0.0,115.85390526315783,-0.0
isla,dmpc,2026-08-04,2026-08-04 16:00:00-05:00,62.0792458451894,11.550718022190388,55.082,0.0,0.0,-0.0,0.0,0.0,115.85390526315783,-0.0
isla,dmpc,2026-08-04,2026-08-04 17:00:00-05:00,63.252704616230645,5.3664317660204555,59.668,0.0,0.0,-0.0,0.0,0.0,115.85390526315783,-0.0
isla,dmpc,2026-08-04,2026-08-04 18:00:00-05:00,80.0,0.9723621455846866,80.0,0.0,0.0,-0.0,0.0,0.0,115.85390526315783,-0.0
isla,dmpc,2026-08-04,2026-08-04 19:00:00-05:00,63.84210898714483,0.2122133728910638,63.842,0.0,0.0,-0.0,0.0,0.0,115.85390526315783,-0.0
isla,dmpc,2026-08-04,2026-08-04 20:00:00-05:00,34.561790520580224,0.1297049163876993,50.0,0.0,15.438,-0.0,0.0,0.0,115.85390526315783,-0.0
isla,dmpc,2026-08-04,2026-08-04 21:00:00-05:00,26.5100844859505,0.3850437769087882,50.0,0.0,23.49,-0.0,0.0,0.0,130.52000526315783,-0.0
isla,dmpc,2026-08-04,2026-08-04 22:00:00-05:00,19.11566057659668,0.19797044635090544,0.0,19.116,0.0,-0.0,0.0,0.0,152.8355052631578,-0.0
isla,dmpc,2026-08-04,2026-08-04 23:00:00-05:00,15.171967824941312,0.28802837415916177,0.0,15.172,0.0,-0.0,0.0,0.0,132.71339999999992,-0.0
isla,dmpc,2026-08-05,2026-08-05 00:00:00-05:00,11.269355206115684,0.20950673925335314,0.0,11.269,0.0,-0.0,0.0,0.0,116.74287368421045,-0.0
isla,dmpc,2026-08-05,2026-08-05 01:00:00-05:00,10.694233346499276,0.2404385590951079,0.0,10.694,0.0,-0.0,0.0,0.0,104.88076842105255,-0.0
isla,dmpc,2026-08-05,2026-08-05 02:00:00-05:00,10.694233346499276,0.2590750496011348,0.0,10.694,0.0,-0.0,0.0,0.0,93.62392631578939,-0.0
isla,dmpc,2026-08-05,2026-08-05 03:00:00-05:00,10.694233346499276,0.2632385895262946,0.0,10.694,0.0,-0.0,0.0,0.0,82.36708421052623,-0.0
isla,dmpc,2026-08-05,2026-08-05 04:00:00-05:00,20.224824162999756,0.19776741203450013,0.0,20.225,0.0,-0.0,0.0,0.0,71.11024210526307,-0.0
isla,dmpc,2026-08-05,2026-08-05 05:00:00-05:00,27.33168714254537,0.1295468423967048,50.0,0.0,22.668,-0.0,0.0,0.0,49.82076842105254,-0.0
isla,dmpc,2026-08-05,2026-08-05 06:00:00-05:00,29.385693784032547,0.45878719111805033,50.0,0.0,20.614,-0.0,0.0,0.0,71.35536842105253,-0.0
isla,dmpc,2026-08-05,2026-08-05 07:00:00-05:00,43.17880217378388,2.095209828769032,50.0,0.0,0.0,-0.0,0.0,0.0,90.93866842105254,-0.0
isla,dmpc,2026-08-05,2026-08-05 08:00:00-05:00,62.53112730631657,4.487356115782085,58.184,0.0,0.0,-0.0,0.0,0.0,90.93866842105254,-0.0
isla,dmpc,2026-08-05,2026-08-05 09:00:00-05:00,62.94192863461401,7.249223888938773,56.265,0.0,0.0,-0.0,0.0,0.0,90.93866842105254,-0.0
isla,dmpc,2026-08-05,2026-08-05 10:00:00-05:00,65.61213726854733,15.589723913442825,53.658,0.0,0.0,-0.0,0.0,0.0,90.93866842105254,-0.0
isla,dmpc,2026-08-05,2026-08-05 11:00:00-05:00,67.17318231607759,16.805594537417253,50.0,0.0,0.477,0.0,0.8445877786603404,0.8445877786603365,90.93866842105254,0.0
isla,dmpc,2026-08-05,2026-08-05 12:00:00-05:00,73.66384330317705,17.644507079323276,55.81,0.0,0.0,0.0,0.20933622385376793,0.20933622385376793,91.39181842105253,0.0
isla,dmpc,2026-08-05,2026-08-05 13:00:00-05:00,66.59806045646117,14.864984342723815,50.0,0.0,1.97,0.0,3.703076113737353,3.703076113737354,91.39181842105253,0.0
isla,dmpc,2026-08-05,2026-08-05 14:00:00-05:00,62.44896704065709,11.41941174224601,50.0,0.0,0.407,0.0,1.436555298411072,1.4365552984110757,93.26331842105253,0.0
isla,dmpc,2026-08-05,2026-08-05 15:00:00-05:00,61.58628425123247,9.387798923502844,53.482,0.0,0.0,-0.0,0.0,0.0,93.64996842105253,-0.0
isla,dmpc,2026-08-05,2026-08-05 16:00:00-05:00,62.0792458451894,7.156225792073687,56.303,0.0,0.0,-0.0,0.0,0.0,93.64996842105253,-0.0
isla,dmpc,2026-08-05,2026-08-05 17:00:00-05:00,63.252704616230645,3.9372381397860665,60.02,0.0,0.0,-0.0,0.0,0.0,93.64996842105253,-0.0
isla,dmpc,2026-08-05,2026-08-05 18:00:00-05:00,80.0,1.1940995420254403,80.0,0.0,0.0,-0.0,0.0,0.0,93.64996842105253,-0.0
isla,dmpc,2026-08-05,2026-08-05 19:00:00-05:00,63.84210898714483,0.31228297618850703,63.842,0.0,0.0,-0.0,0.0,0.0,93.64996842105253,-0.0
isla,dmpc,2026-08-05,2026-08-05 20:00:00-05:00,34.561790520580224,0.04663775463097299,50.0,0.0,15.438,-0.0,0.0,0.0,93.64996842105253,-0.0
isla,dmpc,2026-08-05,2026-08-05 21:00:00-05:00,26.5100844859505,0.1320624302667438,50.0,0.0,23.49,-0.0,0.0,0.0,108.31606842105253,-0.0
isla,dmpc,2026-08-05,2026-08-05 22:00:00-05:00,19.11566057659668,0.25280112390508297,0.0,19.116,0.0,-0.0,0.0,0.0,130.63156842105252,-0.0
isla,dmpc,2026-08-05,2026-08-05 23:00:00-05:00,15.171967824941312,0.21218930365263286,0.0,15.172,0.0,-0.0,0.0,0.0,110.50946315789463,-0.0
isla,dmpc,2026-08-06,2026-08-06 00:00:00-05:00,11.269355206115684,0.23986752407319875,0.0,11.269,0.0,-0.0,0.0,0.0,94.53893684210516,-0.0
isla,dmpc,2026-08-06,2026-08-06 01:00:00-05:00,10.694233346499276,0.19126550204361722,0.0,10.694,0.0,-0.0,0.0,0.0,82.67683157894726,-0.0
isla,dmpc,2026-08-06,2026-08-06 02:00:00-05:00,10.694233346499276,0.17478303940989617,0.0,10.694,0.0,-0.0,0.0,0.0,71.4199894736841,-0.0
isla,dmpc,2026-08-06,2026-08-06 03:00:00-05:00,10.694233346499276,0.28851014848102285,0.0,10.694,0.0,-0.0,0.0,0.0,60.16314736842094,-0.0
isla,dmpc,2026-08-06,2026-08-06 04:00:00-05:00,20.224824162999756,0.0776048429674756,50.0,0.0,19.099,-0.0,0.0,0.0,48.906305263157776,-0.0
isla,dmpc,2026-08-06,2026-08-06 05:00:00-05:00,27.33168714254537,0.12340297196361621,50.0,0.0,22.668,-0.0,0.0,0.0,67.05035526315777,-0.0
isla,dmpc,2026-08-06,2026-08-06 06:00:00-05:00,29.385693784032547,0.4405944189158734,50.0,0.0,20.614,-0.0,0.0,0.0,88.58495526315777,-0.0
isla,dmpc,2026-08-06,2026-08-06 07:00:00-05:00,43.17880217378388,2.2674563077049084,50.0,0.0,0.0,-0.0,0.0,0.0,108.16825526315776,-0.0
isla,dmpc,2026-08-06,2026-08-06 08:00:00-05:00,62.53112730631657,4.786153844087214,58.32,0.0,0.0,-0.0,0.0,0.0,108.16825526315776,-0.0
isla,dmpc,2026-08-06,2026-08-06 09:00:00-05:00,62.94192863461401,5.390980347888514,56.297,0.0,0.0,0.0,1.253948286725496,1.253948286725496,108.16825526315776,0.0
isla,dmpc,2026-08-06,2026-08-06 10:00:00-05:00,65.61213726854733,11.342859764956616,53.691,0.0,0.0,0.0,0.5782775035907122,0.5782775035907122,108.16825526315776,0.0
isla,dmpc,2026-08-06,2026-08-06 11:00:00-05:00,67.17318231607759,14.917346776113035,53.614,0.0,0.0,-0.0,0.0,0.0,108.16825526315776,-0.0
isla,dmpc,2026-08-06,2026-08-06 12:00:00-05:00,73.66384330317705,19.225224774046566,59.911,0.0,0.0,-0.0,0.0,0.0,108.16825526315776,-0.0
isla,dmpc,2026-08-06,2026-08-06 13:00:00-05:00,66.59806045646117,20.909293695821308,51.068,0.0,0.0,-0.0,0.0,0.0,108.16825526315776,-0.0
isla,dmpc,2026-08-06,2026-08-06 14:00:00-05:00,62.44896704065709,18.589475859287273,50.0,0.0,1.502,-0.0,0.0,0.0,108.16825526315776,-0.0
isla,dmpc,2026-08-06,2026-08-06 15:00:00-05:00,61.58628425123247,16.405078405544412,54.118,0.0,0.0,-0.0,0.0,0.0,109.59515526315776,-0.0
isla,dmpc,2026-08-06,2026-08-06 16:00:00-05:00,62.0792458451894,11.255989396716545,55.374,0.0,0.0,-0.0,0.0,0.0,109.59515526315776,-0.0
isla,dmpc,2026-08-06,2026-08-06 17:00:00-05:00,63.252704616230645,5.647067578466911,60.358,0.0,0.0,-0.0,0.0,0.0,109.59515526315776,-0.0
isla,dmpc,2026-08-06,2026-08-06 18:00:00-05:00,80.0,1.325526389045313,80.0,0.0,0.0,-0.0,0.0,0.0,109.59515526315776,-0.0
isla,dmpc,2026-08-06,2026-08-06 19:00:00-05:00,63.84210898714483,0.22648340689996038,63.842,0.0,0.0,-0.0,0.0,0.0,109.59515526315776,-0.0
isla,dmpc,2026-08-06,2026-08-06 20:00:00-05:00,34.561790520580224,0.10507870500107304,50.0,0.0,15.438,-0.0,0.0,0.0,109.59515526315776,-0.0
isla,dmpc,2026-08-06,2026-08-06 21:00:00-05:00,26.5100844859505,0.2738216842139686,50.0,0.0,23.49,-0.0,0.0,0.0,124.26125526315776,-0.0
isla,dmpc,2026-08-06,2026-08-06 22:00:00-05:00,19.11566057659668,0.2852726304389466,0.0,19.116,0.0,-0.0,0.0,0.0,146.57675526315776,-0.0
isla,dmpc,2026-08-06,2026-08-06 23:00:00-05:00,15.171967824941312,0.09769045796939929,0.0,15.172,0.0,-0.0,0.0,0.0,126.45464999999987,-0.0
