hour,timestamp,pv_real_kw,load_real_kw,diesel_kw,grid_kw,charge_kw,discharge_kw,curtailed_kw,ens_kw,tariff,soc_kwh,violation,cost_diesel,cost_grid,cost_battery
0,2026-07-24 00:00:00-05:00,0.15753180439213185,11.269355206115684,0.0,11.111823401723552,0.0,0.0,0.0,0.0,45.0,130.0,0,0.0,540.0320530775598,0.0
1,2026-07-24 01:00:00-05:00,0.172105152951879,10.694233346499276,0.0,10.522128193547397,0.0,0.0,0.0,0.0,45.0,130.0,0,0.0,513.4957687096329,0.0
2,2026-07-24 02:00:00-05:00,0.2344960908620061,10.694233346499276,0.0,17.57473725563727,7.115,0.0,0.0,0.0,45.0,130.0,0,0.0,830.8631765036772,284.6
3,2026-07-24 03:00:00-05:00,0.14998172012469466,10.694233346499276,0.0,10.544251626374582,0.0,0.0,0.0,0.0,45.0,136.75925,0,0.0,514.4913231868561,0.0
4,2026-07-24 04:00:00-05:00,0.17208833012146615,20.224824162999756,0.0,20.05273583287829,0.0,0.0,0.0,0.0,45.0,136.75925,0,0.0,942.3731124795231,0.0
5,2026-07-24 05:00:00-05:00,0.12964687886309242,27.33168714254537,0.0,27.202040263682278,0.0,0.0,0.0,0.0,45.0,136.75925,0,0.0,1264.0918118657025,0.0
6,2026-07-24 06:00:00-05:00,0.3568695833053323,29.385693784032547,0.0,29.028824200727215,0.0,0.0,0.0,0.0,80.0,136.75925,0,0.0,2362.3059360581774,0.0
7,2026-07-24 07:00:00-05:00,2.4507735250477505,43.17880217378388,50.0,-2.450971351263874,6.821,0.0,0.0,0.0,80.0,136.75925,0,2800.0,40.0,272.84
8,2026-07-24 08:00:00-05:00,7.149529665965556,62.53112730631657,62.531,-7.149402359648981,0.0,0.0,0.0,0.0,80.0,143.2392,0,3567.5625961,40.0,0.0
9,2026-07-24 09:00:00-05:00,12.623157981568296,62.94192863461401,62.942,-12.623229346954282,0.0,0.0,0.0,0.0,80.0,143.2392,0,3593.2695363999997,40.0,0.0
10,2026-07-24 10:00:00-05:00,25.84334267134578,65.61213726854733,65.612,-25.843205402798446,0.0,0.0,0.0,0.0,80.0,143.2392,0,3761.0934543999997,40.0,0.0
11,2026-07-24 11:00:00-05:00,26.965042244800443,67.17318231607759,67.173,-26.96485992872286,0.0,0.0,0.0,0.0,80.0,143.2392,0,3859.8711929000006,40.0,0.0
12,2026-07-24 12:00:00-05:00,28.335720857873607,73.66384330317705,73.664,-28.335877554696566,0.0,0.0,0.0,0.0,80.0,143.2392,0,4275.838489600001,40.0,0.0
13,2026-07-24 13:00:00-05:00,26.887958876097873,66.59806045646117,66.598,-26.8878984196367,0.0,0.0,0.0,0.0,80.0,143.2392,0,3823.4293604,40.0,0.0
14,2026-07-24 14:00:00-05:00,23.79836303179631,62.44896704065709,62.449,-23.798395991139223,0.0,0.0,0.0,0.0,80.0,143.2392,0,3562.4377601,40.0,0.0
15,2026-07-24 15:00:00-05:00,19.929262442178754,61.58628425123247,61.586,-19.92897819094628,0.0,0.0,0.0,0.0,80.0,143.2392,0,3508.5835396,40.0,0.0
16,2026-07-24 16:00:00-05:00,13.951901932710498,62.0792458451894,62.079,-13.951656087521094,0.0,0.0,0.0,0.0,80.0,143.2392,0,3539.3302241,40.0,0.0
17,2026-07-24 17:00:00-05:00,6.499552722045366,63.252704616230645,63.253,-6.499848105814721,0.0,0.0,0.0,0.0,80.0,143.2392,0,3612.7442009,40.0,0.0
18,2026-07-24 18:00:00-05:00,1.2884026609168522,80.0,80.0,-1.2884026609168586,0.0,0.0,0.0,0.0,80.0,143.2392,0,4690.0,40.0,0.0
19,2026-07-24 19:00:00-05:00,0.07138851875450626,63.84210898714483,63.842,-0.07127953160966882,0.0,0.0,0.0,0.0,140.0,143.2392,0,3649.6800964000004,40.0,0.0
20,2026-07-24 20:00:00-05:00,0.3005326400221054,34.561790520580224,50.0,-7.121742119441883,8.617,0.0,0.0,0.0,140.0,143.2392,0,2800.0,40.0,344.68000000000006
21,2026-07-24 21:00:00-05:00,0.1322071326900088,26.5100844859505,0.0,-0.13212264673951069,0.0,26.51,0.0,0.0,140.0,151.42535,0,0.0,40.0,1060.4
22,2026-07-24 22:00:00-05:00,0.26723099344739853,19.11566057659668,0.0,18.848429583149283,0.0,0.0,0.0,0.0,80.0,123.52008684210527,0,0.0,1547.8743666519426,0.0
23,2026-07-24 23:00:00-05:00,0.1513366001713717,15.171967824941312,0.0,15.020631224769941,0.0,0.0,0.0,0.0,80.0,123.52008684210527,0,0.0,1241.6504979815952,0.0
0,2026-07-25 00:00:00-05:00,0.1010231824945534,11.269355206115684,0.0,11.16833202362113,0.0,0.0,0.0,0.0,45.0,130.0,0,0.0,542.5749410629508,0.0
1,2026-07-25 01:00:00-05:00,0.3259453432444272,10.694233346499276,0.0,10.368288003254849,0.0,0.0,0.0,0.0,45.0,130.0,0,0.0,506.5729601464682,0.0
2,2026-07-25 02:00:00-05:00,0.28214633486556034,10.694233346499276,0.0,17.527087011633718,7.115,0.0,0.0,0.0,45.0,130.0,0,0.0,828.7189155235174,284.6
3,2026-07-25 03:00:00-05:00,0.19720688274317189,10.694233346499276,0.0,10.497026463756104,0.0,0.0,0.0,0.0,45.0,136.75925,0,0.0,512.3661908690246,0.0
4,2026-07-25 04:00:00-05:00,0.2113953988317697,20.224824162999756,0.0,20.013428764167987,0.0,0.0,0.0,0.0,45.0,136.75925,0,0.0,940.6042943875594,0.0
5,2026-07-25 05:00:00-05:00,0.2212811268612671,27.33168714254537,0.0,27.110406015684102,0.0,0.0,0.0,0.0,45.0,136.75925,0,0.0,1259.9682707057846,0.0
6,2026-07-25 06:00:00-05:00,0.5807496310128154,29.385693784032547,0.0,28.804944153019733,0.0,0.0,0.0,0.0,80.0,136.75925,0,0.0,2344.3955322415786,0.0
7,2026-07-25 07:00:00-05:00,3.9077808964091925,43.17880217378388,50.0,-3.907978722625316,6.821,0.0,0.0,0.0,80.0,136.75925,0,2800.0,40.0,272.84
8,2026-07-25 08:00:00-05:00,9.256976163831466,62.53112730631657,62.531,-9.256848857514889,0.0,0.0,0.0,0.0,80.0,143.2392,0,3567.5625961,40.0,0.0
9,2026-07-25 09:00:00-05:00,13.273424006457232,62.94192863461401,62.942,-13.273495371843218,0.0,0.0,0.0,0.0,80.0,143.2392,0,3593.2695363999997,40.0,0.0
10,2026-07-25 10:00:00-05:00,25.2426619748011,65.61213726854733,65.612,-25.24252470625376,0.0,0.0,0.0,0.0,80.0,143.2392,0,3761.0934543999997,40.0,0.0
11,2026-07-25 11:00:00-05:00,27.949358720443538,67.17318231607759,67.173,-27.949176404365957,0.0,0.0,0.0,0.0,80.0,143.2392,0,3859.8711929000006,40.0,0.0
12,2026-07-25 12:00:00-05:00,28.961148336639855,73.66384330317705,73.664,-28.961305033462807,0.0,0.0,0.0,0.0,80.0,143.2392,0,4275.838489600001,40.0,0.0
13,2026-07-25 13:00:00-05:00,28.67631494560253,66.59806045646117,66.598,-28.676254489141357,0.0,0.0,0.0,0.0,80.0,143.2392,0,3823.4293604,40.0,0.0
14,2026-07-25 14:00:00-05:00,25.23202517144591,62.44896704065709,62.449,-25.232058130788822,0.0,0.0,0.0,0.0,80.0,143.2392,0,3562.4377601,40.0,0.0
15,2026-07-25 15:00:00-05:00,20.10913100915477,61.58628425123247,61.586,-20.108846757922294,0.0,0.0,0.0,0.0,80.0,143.2392,0,3508.5835396,40.0,0.0
16,2026-07-25 16:00:00-05:00,14.137369677311092,62.0792458451894,62.079,-14.137123832121695,0.0,0.0,0.0,0.0,80.0,143.2392,0,3539.3302241,40.0,0.0
17,2026-07-25 17:00:00-05:00,6.504646799191125,63.252704616230645,63.253,-6.504942182960477,0.0,0.0,0.0,0.0,80.0,143.2392,0,3612.7442009,40.0,0.0
18,2026-07-25 18:00:00-05:00,1.0698490308632842,80.0,80.0,-1.0698490308632813,0.0,0.0,0.0,0.0,80.0,143.2392,0,4690.0,40.0,0.0
19,2026-07-25 19:00:00-05:00,0.3485040462587234,63.84210898714483,63.842,-0.3483950591138907,0.0,0.0,0.0,0.0,140.0,143.2392,0,3649.6800964000004,40.0,0.0
20,2026-07-25 20:00:00-05:00,0.16919018162585098,34.561790520580224,50.0,-6.990399661045622,8.617,0.0,0.0,0.0,140.0,143.2392,0,2800.0,40.0,344.68000000000006
21,2026-07-25 21:00:00-05:00,0.11508921389253272,26.5100844859505,0.0,-0.11500472794203276,0.0,26.51,0.0,0.0,140.0,151.42535,0,0.0,40.0,1060.4
22,2026-07-25 22:00:00-05:00,0.1132053537745668,19.11566057659668,0.0,19.002455222822114,0.0,0.0,0.0,0.0,80.0,123.52008684210527,0,0.0,1560.196417825769,0.0
23,2026-07-25 23:00:00-05:00,0.11782824789785995,15.171967824941312,0.0,15.054139577043452,0.0,0.0,0.0,0.0,80.0,123.52008684210527,0,0.0,1244.3311661634762,0.0
0,2026-07-26 00:00:00-05:00,0.23580347651205535,11.269355206115684,0.0,11.033551729603628,0.0,0.0,0.0,0.0,45.0,130.0,0,0.0,536.5098278321633,0.0
1,2026-07-26 01:00:00-05:00,0.20713168739600352,10.694233346499276,0.0,10.487101659103272,0.0,0.0,0.0,0.0,45.0,130.0,0,0.0,511.91957465964725,0.0
2,2026-07-26 02:00:00-05:00,0.1798052345181765,10.694233346499276,0.0,17.6294281119811,7.115,0.0,0.0,0.0,45.0,130.0,0,0.0,833.3242650391494,284.6
3,2026-07-26 03:00:00-05:00,0.1314161156822006,10.694233346499276,0.0,10.562817230817075,0.0,0.0,0.0,0.0,45.0,136.75925,0,0.0,515.3267753867683,0.0
4,2026-07-26 04:00:00-05:00,0.24975182836759033,20.224824162999756,0.0,19.975072334632166,0.0,0.0,0.0,0.0,45.0,136.75925,0,0.0,938.8782550584475,0.0
5,2026-07-26 05:00:00-05:00,0.19346530545037346,27.33168714254537,0.0,27.138221837094996,0.0,0.0,0.0,0.0,45.0,136.75925,0,0.0,1261.2199826692747,0.0
6,2026-07-26 06:00:00-05:00,0.5538310870336848,29.385693784032547,0.0,28.83186269699886,0.0,0.0,0.0,0.0,80.0,136.75925,0,0.0,2346.549015759909,0.0
7,2026-07-26 07:00:00-05:00,2.6975453236519997,43.17880217378388,50.0,-2.697743149868124,6.821,0.0,0.0,0.0,80.0,136.75925,0,2800.0,40.0,272.84
8,2026-07-26 08:00:00-05:00,5.911825190764723,62.53112730631657,62.531,-5.911697884448152,0.0,0.0,0.0,0.0,80.0,143.2392,0,3567.5625961,40.0,0.0
9,2026-07-26 09:00:00-05:00,7.354332394300523,62.94192863461401,62.942,-7.354403759686512,0.0,0.0,0.0,0.0,80.0,143.2392,0,3593.2695363999997,40.0,0.0
10,2026-07-26 10:00:00-05:00,20.277638605124746,65.61213726854733,65.612,-20.277501336577416,0.0,0.0,0.0,0.0,80.0,143.2392,0,3761.0934543999997,40.0,0.0
11,2026-07-26 11:00:00-05:00,26.217012172376695,67.17318231607759,67.173,-26.216829856299114,0.0,0.0,0.0,0.0,80.0,143.2392,0,3859.8711929000006,40.0,0.0
12,2026-07-26 12:00:00-05:00,25.882588108278384,73.66384330317705,73.664,-25.88274480510134,0.0,0.0,0.0,0.0,80.0,143.2392,0,4275.838489600001,40.0,0.0
13,2026-07-26 13:00:00-05:00,24.90224978474657,66.59806045646117,66.598,-24.902189328285402,0.0,0.0,0.0,0.0,80.0,143.2392,0,3823.4293604,40.0,0.0
14,2026-07-26 14:00:00-05:00,22.87687278004286,62.44896704065709,62.449,-22.87690573938577,0.0,0.0,0.0,0.0,80.0,143.2392,0,3562.4377601,40.0,0.0
15,2026-07-26 15:00:00-05:00,18.64929597227474,61.58628425123247,61.586,-18.64901172104227,0.0,0.0,0.0,0.0,80.0,143.2392,0,3508.5835396,40.0,0.0
16,2026-07-26 16:00:00-05:00,14.036057359584426,62.0792458451894,62.079,-14.035811514395029,0.0,0.0,0.0,0.0,80.0,143.2392,0,3539.3302241,40.0,0.0
17,2026-07-26 17:00:00-05:00,6.755319365566357,63.252704616230645,63.253,-6.755614749335706,0.0,0.0,0.0,0.0,80.0,143.2392,0,3612.7442009,40.0,0.0
18,2026-07-26 18:00:00-05:00,1.440280241214479,80.0,80.0,-1.4402802412144808,0.0,0.0,0.0,0.0,80.0,143.2392,0,4690.0,40.0,0.0
19,2026-07-26 19:00:00-05:00,0.17453174767065527,63.84210898714483,63.842,-0.17442276052582173,0.0,0.0,0.0,0.0,140.0,143.2392,0,3649.6800964000004,40.0,0.0
20,2026-07-26 20:00:00-05:00,0.08396302401484607,34.561790520580224,50.0,-6.9051725034346205,8.617,0.0,0.0,0.0,140.0,143.2392,0,2800.0,40.0,344.68000000000006
21,2026-07-26 21:00:00-05:00,0.2681847443472885,26.5100844859505,0.0,-0.26810025839678886,0.0,26.51,0.0,0.0,140.0,151.42535,0,0.0,40.0,1060.4
22,2026-07-26 22:00:00-05:00,0.3829165475386391,19.11566057659668,0.0,18.732744029058043,0.0,0.0,0.0,0.0,80.0,123.52008684210527,0,0.0,1538.6195223246434,0.0
23,2026-07-26 23:00:00-05:00,0.11434794916691393,15.171967824941312,0.0,15.057619875774398,0.0,0.0,0.0,0.0,80.0,123.52008684210527,0,0.0,1244.6095900619518,0.0
0,2026-07-27 00:00:00-05:00,0.07904921617108922,11.269355206115684,0.0,11.190305989944594,0.0,0.0,0.0,0.0,45.0,130.0,0,0.0,543.5637695475068,0.0
1,2026-07-27 01:00:00-05:00,0.11279472896556804,10.694233346499276,0.0,10.581438617533708,0.0,0.0,0.0,0.0,45.0,130.0,0,0.0,516.1647377890168,0.0
2,2026-07-27 02:00:00-05:00,0.06528317800186607,10.694233346499276,0.0,17.74395016849741,7.115,0.0,0.0,0.0,45.0,130.0,0,0.0,838.4777575823834,284.6
3,2026-07-27 03:00:00-05:00,0.19199050198874693,10.694233346499276,0.0,10.50224284451053,0.0,0.0,0.0,0.0,45.0,136.75925,0,0.0,512.6009280029739,0.0
4,2026-07-27 04:00:00-05:00,0.2562026970258235,20.224824162999756,0.0,19.968621465973932,0.0,0.0,0.0,0.0,45.0,136.75925,0,0.0,938.5879659688269,0.0
5,2026-07-27 05:00:00-05:00,0.27241207220231684,27.33168714254537,0.0,27.059275070343052,0.0,0.0,0.0,0.0,45.0,136.75925,0,0.0,1257.6673781654374,0.0
6,2026-07-27 06:00:00-05:00,0.4835409538216851,29.385693784032547,0.0,28.902152830210863,0.0,0.0,0.0,0.0,80.0,136.75925,0,0.0,2352.172226416869,0.0
7,2026-07-27 07:00:00-05:00,2.989175342466161,43.17880217378388,50.0,-2.9893731686822846,6.821,0.0,0.0,0.0,80.0,136.75925,0,2800.0,40.0,272.84
8,2026-07-27 08:00:00-05:00,8.162453394846285,62.53112730631657,62.531,-8.162326088529717,0.0,0.0,0.0,0.0,80.0,143.2392,0,3567.5625961,40.0,0.0
9,2026-07-27 09:00:00-05:00,12.760378694873964,62.94192863461401,62.942,-12.760450060259963,0.0,0.0,0.0,0.0,80.0,143.2392,0,3593.2695363999997,40.0,0.0
10,2026-07-27 10:00:00-05:00,25.722784449610543,65.61213726854733,65.612,-25.72264718106321,0.0,0.0,0.0,0.0,80.0,143.2392,0,3761.0934543999997,40.0,0.0
11,2026-07-27 11:00:00-05:00,28.222820475994215,67.17318231607759,67.173,-28.222638159916627,0.0,0.0,0.0,0.0,80.0,143.2392,0,3859.8711929000006,40.0,0.0
12,2026-07-27 12:00:00-05:00,28.97760039195951,73.66384330317705,73.664,-28.977757088782468,0.0,0.0,0.0,0.0,80.0,143.2392,0,4275.838489600001,40.0,0.0
13,2026-07-27 13:00:00-05:00,21.828365029432927,66.59806045646117,66.598,-21.82830457297176,0.0,0.0,0.0,0.0,80.0,143.2392,0,3823.4293604,40.0,0.0
14,2026-07-27 14:00:00-05:00,14.33140761735907,62.44896704065709,62.449,-14.331440576701972,0.0,0.0,0.0,0.0,80.0,143.2392,0,3562.4377601,40.0,0.0
15,2026-07-27 15:00:00-05:00,15.432062531933896,61.58628425123247,61.586,-15.431778280701423,0.0,0.0,0.0,0.0,80.0,143.2392,0,3508.5835396,40.0,0.0
16,2026-07-27 16:00:00-05:00,11.228325922465402,62.0792458451894,62.079,-11.228080077275997,0.0,0.0,0.0,0.0,80.0,143.2392,0,3539.3302241,40.0,0.0
17,2026-07-27 17:00:00-05:00,5.119660856758533,63.252704616230645,63.253,-5.119956240527884,0.0,0.0,0.0,0.0,80.0,143.2392,0,3612.7442009,40.0,0.0
18,2026-07-27 18:00:00-05:00,1.375287379739964,80.0,80.0,-1.3752873797399587,0.0,0.0,0.0,0.0,80.0,143.2392,0,4690.0,40.0,0.0
19,2026-07-27 19:00:00-05:00,0.46221482691444055,63.84210898714483,63.842,-0.46210583976961317,0.0,0.0,0.0,0.0,140.0,143.2392,0,3649.6800964000004,40.0,0.0
20,2026-07-27 20:00:00-05:00,0.18803861210951323,34.561790520580224,50.0,-7.009248091529294,8.617,0.0,0.0,0.0,140.0,143.2392,0,2800.0,40.0,344.68000000000006
21,2026-07-27 21:00:00-05:00,0.15460341754403162,26.5100844859505,0.0,-0.15451893159353247,0.0,26.51,0.0,0.0,140.0,151.42535,0,0.0,40.0,1060.4
22,2026-07-27 22:00:00-05:00,0.11553669019956055,19.11566057659668,0.0,19.00012388639712,0.0,0.0,0.0,0.0,80.0,123.52008684210527,0,0.0,1560.0099109117696,0.0
23,2026-07-27 23:00:00-05:00,0.25385287533049233,15.171967824941312,0.0,14.91811494961082,0.0,0.0,0.0,0.0,80.0,123.52008684210527,0,0.0,1233.4491959688655,0.0
0,2026-07-28 00:00:00-05:00,0.10647369349811968,11.269355206115684,0.0,11.162881512617563,0.0,0.0,0.0,0.0,45.0,130.0,0,0.0,542.3296680677904,0.0
1,2026-07-28 01:00:00-05:00,0.17746525165929328,10.694233346499276,0.0,10.516768094839982,0.0,0.0,0.0,0.0,45.0,130.0,0,0.0,513.2545642677992,0.0
2,2026-07-28 02:00:00-05:00,0.11605066827647577,10.694233346499276,0.0,17.6931826782228,7.115,0.0,0.0,0.0,45.0,130.0,0,0.0,836.193220520026,284.6
3,2026-07-28 03:00:00-05:00,0.3867322386210092,10.694233346499276,0.0,10.307501107878267,0.0,0.0,0.0,0.0,45.0,136.75925,0,0.0,503.83754985452197,0.0
4,2026-07-28 04:00:00-05:00,0.1619220713475392,20.224824162999756,0.0,20.062902091652216,0.0,0.0,0.0,0.0,45.0,136.75925,0,0.0,942.8305941243497,0.0
5,2026-07-28 05:00:00-05:00,0.15871086851328498,27.33168714254537,0.0,27.172976274032084,0.0,0.0,0.0,0.0,45.0,136.75925,0,0.0,1262.7839323314438,0.0
6,2026-07-28 06:00:00-05:00,0.25650818075845533,29.385693784032547,0.0,29.12918560327409,0.0,0.0,0.0,0.0,80.0,136.75925,0,0.0,2370.334848261927,0.0
7,2026-07-28 07:00:00-05:00,2.8671929674766106,43.17880217378388,50.0,-2.867390793692735,6.821,0.0,0.0,0.0,80.0,136.75925,0,2800.0,40.0,272.84
8,2026-07-28 08:00:00-05:00,7.739211107324716,62.53112730631657,62.531,-7.739083801008142,0.0,0.0,0.0,0.0,80.0,143.2392,0,3567.5625961,40.0,0.0
9,2026-07-28 09:00:00-05:00,12.64242980727272,62.94192863461401,62.942,-12.642501172658719,0.0,0.0,0.0,0.0,80.0,143.2392,0,3593.2695363999997,40.0,0.0
10,2026-07-28 10:00:00-05:00,26.185094791099342,65.61213726854733,65.612,-26.18495752255201,0.0,0.0,0.0,0.0,80.0,143.2392,0,3761.0934543999997,40.0,0.0
11,2026-07-28 11:00:00-05:00,29.141174664296287,67.17318231607759,67.173,-29.140992348218703,0.0,0.0,0.0,0.0,80.0,143.2392,0,3859.8711929000006,40.0,0.0
12,2026-07-28 12:00:00-05:00,28.674446324362396,73.66384330317705,73.664,-28.674603021185348,0.0,0.0,0.0,0.0,80.0,143.2392,0,4275.838489600001,40.0,0.0
13,2026-07-28 13:00:00-05:00,27.420761432101063,66.59806045646117,66.598,-27.42070097563989,0.0,0.0,0.0,0.0,80.0,143.2392,0,3823.4293604,40.0,0.0
14,2026-07-28 14:00:00-05:00,25.004963577932532,62.44896704065709,62.449,-25.00499653727544,0.0,0.0,0.0,0.0,80.0,143.2392,0,3562.4377601,40.0,0.0
15,2026-07-28 15:00:00-05:00,20.36708853054675,61.58628425123247,61.586,-20.36680427931428,0.0,0.0,0.0,0.0,80.0,143.2392,0,3508.5835396,40.0,0.0
16,2026-07-28 16:00:00-05:00,13.634741099447806,62.0792458451894,62.079,-13.634495254258404,0.0,0.0,0.0,0.0,80.0,143.2392,0,3539.3302241,40.0,0.0
17,2026-07-28 17:00:00-05:00,6.712380814309037,63.252704616230645,63.253,-6.712676198078398,0.0,0.0,0.0,0.0,80.0,143.2392,0,3612.7442009,40.0,0.0
18,2026-07-28 18:00:00-05:00,1.3876330367383207,80.0,80.0,-1.3876330367383218,0.0,0.0,0.0,0.0,80.0,143.2392,0,4690.0,40.0,0.0
19,2026-07-28 19:00:00-05:00,0.2067892909401772,63.84210898714483,63.842,-0.20668030379534486,0.0,0.0,0.0,0.0,140.0,143.2392,0,3649.6800964000004,40.0,0.0
20,2026-07-28 20:00:00-05:00,0.19521915618602315,34.561790520580224,50.0,-7.0164286356057985,8.617,0.0,0.0,0.0,140.0,143.2392,0,2800.0,40.0,344.68000000000006
21,2026-07-28 21:00:00-05:00,0.2905875845794315,26.5100844859505,0.0,-0.29050309862893187,0.0,26.51,0.0,0.0,140.0,151.42535,0,0.0,40.0,1060.4
22,2026-07-28 22:00:00-05:00,0.33093891605602854,19.11566057659668,0.0,18.784721660540654,0.0,0.0,0.0,0.0,80.0,123.52008684210527,0,0.0,1542.7777328432524,0.0
23,2026-07-28 23:00:00-05:00,0.11491448741341188,15.171967824941312,0.0,15.0570533375279,0.0,0.0,0.0,0.0,80.0,123.52008684210527,0,0.0,1244.564267002232,0.0
0,2026-07-29 00:00:00-05:00,0.2683939873936347,11.269355206115684,0.0,11.000961218722049,0.0,0.0,0.0,0.0,45.0,130.0,0,0.0,535.0432548424922,0.0
1,2026-07-29 01:00:00-05:00,0.3092840521957635,10.694233346499276,0.0,10.384949294303512,0.0,0.0,0.0,0.0,45.0,130.0,0,0.0,507.322718243658,0.0
2,2026-07-29 02:00:00-05:00,0.09430579273420377,10.694233346499276,0.0,17.714927553765072,7.115,0.0,0.0,0.0,45.0,130.0,0,0.0,837.1717399194282,284.6
3,2026-07-29 03:00:00-05:00,0.2881391221042023,10.694233346499276,0.0,10.406094224395074,0.0,0.0,0.0,0.0,45.0,136.75925,0,0.0,508.2742400977784,0.0
4,2026-07-29 04:00:00-05:00,0.06424514263342353,20.224824162999756,0.0,20.16057902036633,0.0,0.0,0.0,0.0,45.0,136.75925,0,0.0,947.2260559164849,0.0
5,2026-07-29 05:00:00-05:00,0.20416909785750503,27.33168714254537,0.0,27.127518044687864,0.0,0.0,0.0,0.0,45.0,136.75925,0,0.0,1260.738312010954,0.0
6,2026-07-29 06:00:00-05:00,0.3117386960346875,29.385693784032547,0.0,29.07395508799786,0.0,0.0,0.0,0.0,80.0,136.75925,0,0.0,2365.9164070398288,0.0
7,2026-07-29 07:00:00-05:00,3.5518263740266236,43.17880217378388,50.0,-3.552024200242748,6.821,0.0,0.0,0.0,80.0,136.75925,0,2800.0,40.0,272.84
8,2026-07-29 08:00:00-05:00,7.95879467905105,62.53112730631657,62.531,-7.9586673727344746,0.0,0.0,0.0,0.0,80.0,143.2392,0,3567.5625961,40.0,0.0
9,2026-07-29 09:00:00-05:00,11.011644710525637,62.94192863461401,62.942,-11.011716075911629,0.0,0.0,0.0,0.0,80.0,143.2392,0,3593.2695363999997,40.0,0.0
10,2026-07-29 10:00:00-05:00,22.70057967960963,65.61213726854733,65.612,-22.700442411062298,0.0,0.0,0.0,0.0,80.0,143.2392,0,3761.0934543999997,40.0,0.0
11,2026-07-29 11:00:00-05:00,24.6794353412545,67.17318231607759,67.173,-24.67925302517692,0.0,0.0,0.0,0.0,80.0,143.2392,0,3859.8711929000006,40.0,0.0
12,2026-07-29 12:00:00-05:00,24.191170650817668,73.66384330317705,73.664,-24.191327347640623,0.0,0.0,0.0,0.0,80.0,143.2392,0,4275.838489600001,40.0,0.0
13,2026-07-29 13:00:00-05:00,23.01463883014381,66.59806045646117,66.598,-23.01457837368264,0.0,0.0,0.0,0.0,80.0,143.2392,0,3823.4293604,40.0,0.0
14,2026-07-29 14:00:00-05:00,20.8102738022526,62.44896704065709,62.449,-20.810306761595506,0.0,0.0,0.0,0.0,80.0,143.2392,0,3562.4377601,40.0,0.0
15,2026-07-29 15:00:00-05:00,19.69661117289782,61.58628425123247,61.586,-19.696326921665346,0.0,0.0,0.0,0.0,80.0,143.2392,0,3508.5835396,40.0,0.0
16,2026-07-29 16:00:00-05:00,13.194107431849211,62.0792458451894,62.079,-13.193861586659814,0.0,0.0,0.0,0.0,80.0,143.2392,0,3539.3302241,40.0,0.0
17,2026-07-29 17:00:00-05:00,5.976384712065548,63.252704616230645,63.253,-5.976680095834908,0.0,0.0,0.0,0.0,80.0,143.2392,0,3612.7442009,40.0,0.0
18,2026-07-29 18:00:00-05:00,1.3866598393834508,80.0,80.0,-1.386659839383455,0.0,0.0,0.0,0.0,80.0,143.2392,0,4690.0,40.0,0.0
19,2026-07-29 19:00:00-05:00,0.13512775674577024,63.84210898714483,63.842,-0.13501876960093284,0.0,0.0,0.0,0.0,140.0,143.2392,0,3649.6800964000004,40.0,0.0
20,2026-07-29 20:00:00-05:00,0.124568276356397,34.561790520580224,50.0,-6.94577775577617,8.617,0.0,0.0,0.0,140.0,143.2392,0,2800.0,40.0,344.68000000000006
21,2026-07-29 21:00:00-05:00,0.130411300739847,26.5100844859505,0.0,-0.13032681478934904,0.0,26.51,0.0,0.0,140.0,151.42535,0,0.0,40.0,1060.4
22,2026-07-29 22:00:00-05:00,0.17466877327774044,19.11566057659668,0.0,18.94099180331894,0.0,0.0,0.0,0.0,80.0,123.52008684210527,0,0.0,1555.2793442655152,0.0
23,2026-07-29 23:00:00-05:00,0.20006297459945444,15.171967824941312,0.0,14.971904850341858,0.0,0.0,0.0,0.0,80.0,123.52008684210527,0,0.0,1237.7523880273486,0.0
0,2026-07-30 00:00:00-05:00,0.04736554292959386,11.269355206115684,0.0,11.22198966318609,0.0,0.0,0.0,0.0,45.0,130.0,0,0.0,544.989534843374,0.0
1,2026-07-30 01:00:00-05:00,0.16091165280036243,10.694233346499276,0.0,10.533321693698914,0.0,0.0,0.0,0.0,45.0,130.0,0,0.0,513.9994762164511,0.0
2,2026-07-30 02:00:00-05:00,0.2406664639331971,10.694233346499276,0.0,10.45356688256608,0.0,0.0,0.0,0.0,45.0,130.0,0,0.0,510.41050971547355,0.0
3,2026-07-30 03:00:00-05:00,0.2852592450340727,10.694233346499276,0.0,10.408974101465203,0.0,0.0,0.0,0.0,45.0,130.0,0,0.0,508.4038345659341,0.0
4,2026-07-30 04:00:00-05:00,0.23281127276475208,20.224824162999756,0.0,19.992012890235003,0.0,0.0,0.0,0.0,45.0,130.0,0,0.0,939.6405800605751,0.0
5,2026-07-30 05:00:00-05:00,0.06628791340017874,27.33168714254537,0.0,27.265399229145192,0.0,0.0,0.0,0.0,45.0,130.0,0,0.0,1266.9429653115337,0.0
6,2026-07-30 06:00:00-05:00,0.2336950914044912,29.385693784032547,0.0,29.151998692628055,0.0,0.0,0.0,0.0,80.0,130.0,0,0.0,2372.1598954102446,0.0
7,2026-07-30 07:00:00-05:00,2.4659025783871704,43.17880217378388,50.0,-1.9671004046032934,7.32,0.0,0.0,0.0,80.0,130.0,0,2800.0,40.0,292.8
8,2026-07-30 08:00:00-05:00,6.329339493614854,62.53112730631657,58.906,-2.704212187298289,0.0,0.0,0.0,0.0,80.0,136.954,0,3342.2916836,40.0,0.0
9,2026-07-30 09:00:00-05:00,10.96660638276696,62.94192863461401,57.367,-5.391677748152951,0.0,0.0,0.0,0.0,80.0,136.954,0,3247.4472688999995,40.0,0.0
10,2026-07-30 10:00:00-05:00,24.80100188694801,65.61213726854733,50.0,-8.727864618400687,0.461,0.0,0.0,0.0,80.0,136.954,0,2800.0,40.0,18.44
11,2026-07-30 11:00:00-05:00,27.027900216544825,67.17318231607759,50.0,-7.680717900467229,2.174,0.0,0.0,0.0,80.0,137.39195,0,2800.0,40.0,86.96
12,2026-07-30 12:00:00-05:00,28.801480203896062,73.66384330317705,53.594,-8.73163690071901,0.0,0.0,0.0,0.0,80.0,139.45725000000002,0,3016.9316836,40.0,0.0
13,2026-07-30 13:00:00-05:00,27.3414293895944,66.59806045646117,50.0,-8.09636893313322,2.647,0.0,0.0,0.0,80.0,139.45725000000002,0,2800.0,40.0,105.88
14,2026-07-30 14:00:00-05:00,23.788065736714852,62.44896704065709,50.0,-11.339098696057768,0.0,0.0,0.0,0.0,80.0,141.9719,0,2800.0,40.0,0.0
15,2026-07-30 15:00:00-05:00,19.422925510774117,61.58628425123247,50.583,-8.419641259541649,0.0,0.0,0.0,0.0,80.0,141.9719,0,2835.0139888999997,40.0,0.0
16,2026-07-30 16:00:00-05:00,13.820612258750389,62.0792458451894,56.591,-8.332366413560997,0.0,0.0,0.0,0.0,80.0,141.9719,0,3199.8041281,40.0,0.0
17,2026-07-30 17:00:00-05:00,6.127426368968263,63.252704616230645,61.049,-3.9237217527376202,0.0,0.0,0.0,0.0,80.0,141.9719,0,3475.1480401000003,40.0,0.0
18,2026-07-30 18:00:00-05:00,1.2308710405513095,80.0,80.0,-1.2308710405513068,0.0,0.0,0.0,0.0,80.0,141.9719,0,4690.0,40.0,0.0
19,2026-07-30 19:00:00-05:00,0.09457816073754499,63.84210898714483,63.842,-0.09446917359271367,0.0,0.0,0.0,0.0,140.0,141.9719,0,3649.6800964000004,40.0,0.0
20,2026-07-30 20:00:00-05:00,0.23536258944745791,34.561790520580224,50.0,-7.788572068867232,7.885,0.0,0.0,0.0,140.0,141.9719,0,2800.0,40.0,315.4
21,2026-07-30 21:00:00-05:00,0.05567090532128096,26.5100844859505,0.0,-0.055586419370783346,0.0,26.51,0.0,0.0,140.0,149.46265,0,0.0,40.0,1060.4
22,2026-07-30 22:00:00-05:00,0.20335682464942725,19.11566057659668,0.0,18.912303751947256,0.0,0.0,0.0,0.0,80.0,121.55738684210526,0,0.0,1552.9843001557806,0.0
23,2026-07-30 23:00:00-05:00,0.2967764474412126,15.171967824941312,0.0,14.8751913775001,0.0,0.0,0.0,0.0,80.0,121.55738684210526,0,0.0,1230.015310200008,0.0
0,2026-07-31 00:00:00-05:00,0.0736756991456922,11.269355206115684,0.0,11.195679506969991,0.0,0.0,0.0,0.0,45.0,130.0,0,0.0,543.8055778136496,0.0
1,2026-07-31 01:00:00-05:00,0.1797864066481685,10.694233346499276,0.0,10.514446939851107,0.0,0.0,0.0,0.0,45.0,130.0,0,0.0,513.1501122932998,0.0
2,2026-07-31 02:00:00-05:00,0.2302754810461621,10.694233346499276,0.0,10.463957865453114,0.0,0.0,0.0,0.0,45.0,130.0,0,0.0,510.87810394539014,0.0
3,2026-07-31 03:00:00-05:00,0.30586905534922765,10.694233346499276,0.0,10.38836429115005,0.0,0.0,0.0,0.0,45.0,130.0,0,0.0,507.4763931017522,0.0
4,2026-07-31 04:00:00-05:00,0.06465588801072078,20.224824162999756,0.0,20.160168274989037,0.0,0.0,0.0,0.0,45.0,130.0,0,0.0,947.2075723745066,0.0
5,2026-07-31 05:00:00-05:00,0.11691680920720082,27.33168714254537,0.0,27.21477033333817,0.0,0.0,0.0,0.0,45.0,130.0,0,0.0,1264.6646650002176,0.0
6,2026-07-31 06:00:00-05:00,0.44271208517125554,29.385693784032547,0.0,28.942981698861292,0.0,0.0,0.0,0.0,80.0,130.0,0,0.0,2355.4385359089033,0.0
7,2026-07-31 07:00:00-05:00,2.517585665187435,43.17880217378388,50.0,-8.109783491403554,1.229,0.0,0.0,0.0,80.0,130.0,0,2800.0,40.0,49.160000000000004
8,2026-07-31 08:00:00-05:00,7.17430343472574,62.53112730631657,59.573,-4.216176128409167,0.0,0.0,0.0,0.0,80.0,131.16755,0,3383.5442329,40.0,0.0
9,2026-07-31 09:00:00-05:00,11.077753232492384,62.94192863461401,57.745,-5.880824597878366,0.0,0.0,0.0,0.0,80.0,131.16755,0,3270.6985025000004,40.0,0.0
10,2026-07-31 10:00:00-05:00,22.798150493452198,65.61213726854733,50.0,-5.727013224904866,1.459,0.0,0.0,0.0,80.0,131.16755,0,2800.0,40.0,58.36
11,2026-07-31 11:00:00-05:00,25.1505621935846,67.17318231607759,50.0,-7.977379877507019,0.0,0.0,0.0,0.0,80.0,132.55360000000002,0,2800.0,40.0,0.0
12,2026-07-31 12:00:00-05:00,27.677476312445382,73.66384330317705,53.906,-7.919633009268338,0.0,0.0,0.0,0.0,80.0,132.55360000000002,0,3035.8856836,40.0,0.0
13,2026-07-31 13:00:00-05:00,27.904631516439355,66.59806045646117,50.0,-8.177571059978177,3.129,0.0,0.0,0.0,80.0,132.55360000000002,0,2800.0,40.0,125.16
14,2026-07-31 14:00:00-05:00,24.753237286598864,62.44896704065709,50.0,-12.304270245941773,0.0,0.0,0.0,0.0,80.0,135.52615000000003,0,2800.0,40.0,0.0
15,2026-07-31 15:00:00-05:00,20.687712074562302,61.58628425123247,51.243,-10.344427823329838,0.0,0.0,0.0,0.0,80.0,135.52615000000003,0,2874.7345049,40.0,0.0
16,2026-07-31 16:00:00-05:00,12.86799977586543,62.0792458451894,55.981,-6.769753930676039,0.0,0.0,0.0,0.0,80.0,135.52615000000003,0,3162.4372361,40.0,0.0
17,2026-07-31 17:00:00-05:00,6.017094532456987,63.252704616230645,60.893,-3.657389916226336,0.0,0.0,0.0,0.0,80.0,135.52615000000003,0,3465.4457448999997,40.0,0.0
18,2026-07-31 18:00:00-05:00,1.4614728976306166,80.0,80.0,-1.461472897630614,0.0,0.0,0.0,0.0,80.0,135.52615000000003,0,4690.0,40.0,0.0
19,2026-07-31 19:00:00-05:00,0.17447461687475108,63.84210898714483,63.842,-0.17436562972991254,0.0,0.0,0.0,0.0,140.0,135.52615000000003,0,3649.6800964000004,40.0,0.0
20,2026-07-31 20:00:00-05:00,0.17615931527643747,34.561790520580224,50.0,-0.17636879469620936,15.438,0.0,0.0,0.0,140.0,135.52615000000003,0,2800.0,40.0,617.52
21,2026-07-31 21:00:00-05:00,0.16537884626582333,26.5100844859505,0.0,-0.1652943603153254,0.0,26.51,0.0,0.0,140.0,150.19225000000003,0,0.0,40.0,1060.4
22,2026-07-31 22:00:00-05:00,0.3744224128240054,19.11566057659668,0.0,18.741238163772675,0.0,0.0,0.0,0.0,80.0,122.28698684210529,0,0.0,1539.299053101814,0.0
23,2026-07-31 23:00:00-05:00,0.24449604534355038,15.171967824941312,0.0,14.927471779597761,0.0,0.0,0.0,0.0,80.0,122.28698684210529,0,0.0,1234.1977423678209,0.0
0,2026-08-01 00:00:00-05:00,0.3026412921441914,11.269355206115684,0.0,10.966713913971493,0.0,0.0,0.0,0.0,45.0,130.0,0,0.0,533.5021261287172,0.0
1,2026-08-01 01:00:00-05:00,0.3106342565457664,10.694233346499276,0.0,10.38359908995351,0.0,0.0,0.0,0.0,45.0,130.0,0,0.0,507.26195904790796,0.0
2,2026-08-01 02:00:00-05:00,0.29208168719821553,10.694233346499276,0.0,10.40215165930106,0.0,0.0,0.0,0.0,45.0,130.0,0,0.0,508.0968246685477,0.0
3,2026-08-01 03:00:00-05:00,0.24232608561930494,10.694233346499276,0.0,10.45190726087997,0.0,0.0,0.0,0.0,45.0,130.0,0,0.0,510.33582673959864,0.0
4,2026-08-01 04:00:00-05:00,0.22927336810553098,20.224824162999756,0.0,19.995550794894225,0.0,0.0,0.0,0.0,45.0,130.0,0,0.0,939.7997857702401,0.0
5,2026-08-01 05:00:00-05:00,0.3130508756650217,27.33168714254537,0.0,27.01863626688035,0.0,0.0,0.0,0.0,45.0,130.0,0,0.0,1255.8386320096158,0.0
6,2026-08-01 06:00:00-05:00,0.3158292406738301,29.385693784032547,0.0,29.06986454335872,0.0,0.0,0.0,0.0,80.0,130.0,0,0.0,2365.5891634686977,0.0
7,2026-08-01 07:00:00-05:00,2.8592249754486816,43.17880217378388,50.0,-3.5234228016648075,6.157,0.0,0.0,0.0,80.0,130.0,0,2800.0,40.0,246.28
8,2026-08-01 08:00:00-05:00,8.202910852080795,62.53112730631657,58.888,-4.559783545764226,0.0,0.0,0.0,0.0,80.0,135.84915,0,3341.1796544,40.0,0.0
9,2026-08-01 09:00:00-05:00,13.205521851725711,62.94192863461401,55.677,-5.940593217111704,0.0,0.0,0.0,0.0,80.0,135.84915,0,3143.8428329,40.0,0.0
10,2026-08-01 10:00:00-05:00,26.06729959191387,65.61213726854733,50.0,-10.455162323366537,0.0,0.0,0.0,0.0,80.0,135.84915,0,2800.0,40.0,0.0
11,2026-08-01 11:00:00-05:00,28.7691415215084,67.17318231607759,50.0,-11.595959205430816,0.0,0.0,0.0,0.0,80.0,135.84915,0,2800.0,40.0,0.0
12,2026-08-01 12:00:00-05:00,29.674437797326686,73.66384330317705,52.1,-8.110594494149638,0.0,0.0,0.0,0.0,80.0,135.84915,0,2926.4410000000003,40.0,0.0
13,2026-08-01 13:00:00-05:00,27.939122092248862,66.59806045646117,50.0,-6.555061635787695,4.786,0.0,0.0,0.0,80.0,135.84915,0,2800.0,40.0,191.44
14,2026-08-01 14:00:00-05:00,24.3418982421215,62.44896704065709,50.0,-11.751931201464409,0.141,0.0,0.0,0.0,80.0,140.39585,0,2800.0,40.0,5.64
15,2026-08-01 15:00:00-05:00,18.526995685040763,61.58628425123247,50.387,-7.32771143380829,0.0,0.0,0.0,0.0,80.0,140.5298,0,2823.2349768999998,40.0,0.0
16,2026-08-01 16:00:00-05:00,12.78093129906089,62.0792458451894,56.114,-6.815685453871488,0.0,0.0,0.0,0.0,80.0,140.5298,0,3170.5780996,40.0,0.0
17,2026-08-01 17:00:00-05:00,6.368268723052732,63.252704616230645,61.181,-4.296564106822089,0.0,0.0,0.0,0.0,80.0,140.5298,0,3483.3614761,40.0,0.0
18,2026-08-01 18:00:00-05:00,1.408783945793071,80.0,80.0,-1.4087839457930755,0.0,0.0,0.0,0.0,80.0,140.5298,0,4690.0,40.0,0.0
19,2026-08-01 19:00:00-05:00,0.23823196819944026,63.84210898714483,63.842,-0.23812298105460883,0.0,0.0,0.0,0.0,140.0,140.5298,0,3649.6800964000004,40.0,0.0
20,2026-08-01 20:00:00-05:00,0.1212277247293914,34.561790520580224,50.0,-11.420437204149167,4.139,0.0,0.0,0.0,140.0,140.5298,0,2800.0,40.0,165.56
21,2026-08-01 21:00:00-05:00,0.37311179570442565,26.5100844859505,0.0,-0.37302730975392606,0.0,26.51,0.0,0.0,140.0,144.46185,0,0.0,40.0,1060.4
22,2026-08-01 22:00:00-05:00,0.3357722813786781,19.11566057659668,0.0,18.779888295218004,0.0,0.0,0.0,0.0,80.0,116.55658684210526,0,0.0,1542.3910636174403,0.0
23,2026-08-01 23:00:00-05:00,0.3061463669459622,15.171967824941312,0.0,14.86582145799535,0.0,0.0,0.0,0.0,80.0,116.55658684210526,0,0.0,1229.265716639628,0.0
0,2026-08-02 00:00:00-05:00,0.22341294815176924,11.269355206115684,0.0,11.045942257963915,0.0,0.0,0.0,0.0,45.0,130.0,0,0.0,537.0674016083763,0.0
1,2026-08-02 01:00:00-05:00,0.11791034605236095,10.694233346499276,0.0,10.576323000446916,0.0,0.0,0.0,0.0,45.0,130.0,0,0.0,515.9345350201112,0.0
2,2026-08-02 02:00:00-05:00,0.29816033663686875,10.694233346499276,0.0,10.396073009862407,0.0,0.0,0.0,0.0,45.0,130.0,0,0.0,507.82328544380835,0.0
3,2026-08-02 03:00:00-05:00,0.1294752707259519,10.694233346499276,0.0,10.564758075773325,0.0,0.0,0.0,0.0,45.0,130.0,0,0.0,515.4141134097996,0.0
4,2026-08-02 04:00:00-05:00,0.2649972860756896,20.224824162999756,0.0,19.959826876924065,0.0,0.0,0.0,0.0,45.0,130.0,0,0.0,938.1922094615829,0.0
5,2026-08-02 05:00:00-05:00,0.08352367661662848,27.33168714254537,0.0,27.24816346592874,0.0,0.0,0.0,0.0,45.0,130.0,0,0.0,1266.1673559667934,0.0
6,2026-08-02 06:00:00-05:00,0.40172100277704886,29.385693784032547,0.0,28.9839727812555,0.0,0.0,0.0,0.0,80.0,130.0,0,0.0,2358.71782250044,0.0
7,2026-08-02 07:00:00-05:00,3.307144797143259,43.17880217378388,50.0,-6.575342623359383,3.553,0.0,0.0,0.0,80.0,130.0,0,2800.0,40.0,142.12
8,2026-08-02 08:00:00-05:00,8.96799537111337,62.53112730631657,58.826,-5.262868064796798,0.0,0.0,0.0,0.0,80.0,133.37535,0,3337.3498276,40.0,0.0
9,2026-08-02 09:00:00-05:00,13.294889715820444,62.94192863461401,55.109,-5.461961081206432,0.0,0.0,0.0,0.0,80.0,133.37535,0,3109.1501881,40.0,0.0
10,2026-08-02 10:00:00-05:00,26.06101395293518,65.61213726854733,50.0,-7.507876684387853,2.941,0.0,0.0,0.0,80.0,133.37535,0,2800.0,40.0,117.63999999999999
11,2026-08-02 11:00:00-05:00,28.793863831122863,67.17318231607759,50.0,-8.185681515045275,3.435,0.0,0.0,0.0,80.0,136.1693,0,2800.0,40.0,137.4
12,2026-08-02 12:00:00-05:00,30.83126681632348,73.66384330317705,52.837,-10.004423513146435,0.0,0.0,0.0,0.0,80.0,139.43255,0,2971.0248569,40.0,0.0
13,2026-08-02 13:00:00-05:00,28.56418398541955,66.59806045646117,50.0,-11.966123528958377,0.0,0.0,0.0,0.0,80.0,139.43255,0,2800.0,40.0,0.0
14,2026-08-02 14:00:00-05:00,25.22677103832332,62.44896704065709,50.0,-11.245803997666236,1.532,0.0,0.0,0.0,80.0,139.43255,0,2800.0,40.0,61.28
15,2026-08-02 15:00:00-05:00,20.75828508162166,61.58628425123247,50.773,-9.94500083038919,0.0,0.0,0.0,0.0,80.0,140.88795,0,2846.4397529000003,40.0,0.0
16,2026-08-02 16:00:00-05:00,14.145263341058849,62.0792458451894,55.911,-7.977017495869454,0.0,0.0,0.0,0.0,80.0,140.88795,0,3158.1539921000003,40.0,0.0
17,2026-08-02 17:00:00-05:00,6.882275549198918,63.252704616230645,60.995,-4.624570932968268,0.0,0.0,0.0,0.0,80.0,140.88795,0,3471.7890024999997,40.0,0.0
18,2026-08-02 18:00:00-05:00,1.000463113490338,80.0,80.0,-1.0004631134903406,0.0,0.0,0.0,0.0,80.0,140.88795,0,4690.0,40.0,0.0
19,2026-08-02 19:00:00-05:00,0.3781273867875901,63.84210898714483,63.842,-0.3780183996427624,0.0,0.0,0.0,0.0,140.0,140.88795,0,3649.6800964000004,40.0,0.0
20,2026-08-02 20:00:00-05:00,0.24703252926953445,34.561790520580224,50.0,-14.336242008689311,1.349,0.0,0.0,0.0,140.0,140.88795,0,2800.0,40.0,53.96
21,2026-08-02 21:00:00-05:00,0.26584780405718866,26.5100844859505,0.0,-0.2657633181066892,0.0,26.51,0.0,0.0,140.0,142.1695,0,0.0,40.0,1060.4
22,2026-08-02 22:00:00-05:00,0.2440840393152426,19.11566057659668,0.0,18.871576537281438,0.0,0.0,0.0,0.0,80.0,114.26423684210526,0,0.0,1549.726122982515,0.0
23,2026-08-02 23:00:00-05:00,0.04792586722339378,15.171967824941312,0.0,15.124041957717917,0.0,0.0,0.0,0.0,80.0,114.26423684210526,0,0.0,1249.9233566174335,0.0
0,2026-08-03 00:00:00-05:00,0.18628456624786302,11.269355206115684,0.0,11.08307063986782,0.0,0.0,0.0,0.0,45.0,130.0,0,0.0,538.7381787940519,0.0
1,2026-08-03 01:00:00-05:00,0.12030121039958912,10.694233346499276,0.0,10.573932136099687,0.0,0.0,0.0,0.0,45.0,130.0,0,0.0,515.8269461244859,0.0
2,2026-08-03 02:00:00-05:00,0.24739876141929804,10.694233346499276,0.0,10.446834585079978,0.0,0.0,0.0,0.0,45.0,130.0,0,0.0,510.107556328599,0.0
3,2026-08-03 03:00:00-05:00,0.2716421043266146,10.694233346499276,0.0,10.422591242172661,0.0,0.0,0.0,0.0,45.0,130.0,0,0.0,509.01660589776975,0.0
4,2026-08-03 04:00:00-05:00,0.18857804890103194,20.224824162999756,0.0,20.036246114098724,0.0,0.0,0.0,0.0,45.0,130.0,0,0.0,941.6310751344425,0.0
5,2026-08-03 05:00:00-05:00,0.3263378124738335,27.33168714254537,0.0,27.005349330071535,0.0,0.0,0.0,0.0,45.0,130.0,0,0.0,1255.2407198532192,0.0
6,2026-08-03 06:00:00-05:00,0.46284335948909067,29.385693784032547,0.0,28.922850424543455,0.0,0.0,0.0,0.0,80.0,130.0,0,0.0,2353.8280339634766,0.0
7,2026-08-03 07:00:00-05:00,3.5134787681115847,43.17880217378388,50.0,-3.082676594327701,7.252,0.0,0.0,0.0,80.0,130.0,0,2800.0,40.0,290.08
8,2026-08-03 08:00:00-05:00,7.850283132208385,62.53112730631657,58.079,-3.3981558258918128,0.0,0.0,0.0,0.0,80.0,136.8894,0,3291.2670241,40.0,0.0
9,2026-08-03 09:00:00-05:00,12.080106822783987,62.94192863461401,55.496,-4.634178188169976,0.0,0.0,0.0,0.0,80.0,136.8894,0,3132.7806016,40.0,0.0
10,2026-08-03 10:00:00-05:00,26.40806640976677,65.61213726854733,50.0,-10.795929141219446,0.0,0.0,0.0,0.0,80.0,136.8894,0,2800.0,40.0,0.0
11,2026-08-03 11:00:00-05:00,27.142811149970886,67.17318231607759,50.0,-9.969628833893296,0.0,0.0,0.0,0.0,80.0,136.8894,0,2800.0,40.0,0.0
12,2026-08-03 12:00:00-05:00,25.12326050809864,73.66384330317705,52.602,-4.061417204921597,0.0,0.0,0.0,0.0,80.0,136.8894,0,2956.7970404,40.0,0.0
13,2026-08-03 13:00:00-05:00,21.971257408466418,66.59806045646117,50.0,-5.3731969520052445,0.0,0.0,0.0,0.0,80.0,136.8894,0,2800.0,40.0,0.0
14,2026-08-03 14:00:00-05:00,16.36792079566389,62.44896704065709,50.0,-3.918953755006804,0.0,0.0,0.0,0.0,80.0,136.8894,0,2800.0,40.0,0.0
15,2026-08-03 15:00:00-05:00,10.310421915628886,61.58628425123247,52.936,-1.6601376643964159,0.0,0.0,0.0,0.0,80.0,136.8894,0,2977.0220096,40.0,0.0
16,2026-08-03 16:00:00-05:00,4.600709570619381,62.0792458451894,56.359,1.1195362745700166,0.0,0.0,0.0,0.0,80.0,136.8894,0,3185.5836881,129.56290196560133,0.0
17,2026-08-03 17:00:00-05:00,3.20940820738465,63.252704616230645,61.347,-1.3037035911540045,0.0,0.0,0.0,0.0,80.0,136.8894,0,3493.6954409,40.0,0.0
18,2026-08-03 18:00:00-05:00,1.3927347582221008,80.0,80.0,-1.3927347582221046,0.0,0.0,0.0,0.0,80.0,136.8894,0,4690.0,40.0,0.0
19,2026-08-03 19:00:00-05:00,0.23894181722250993,63.84210898714483,63.842,-0.2388328300776763,0.0,0.0,0.0,0.0,140.0,136.8894,0,3649.6800964000004,40.0,0.0
20,2026-08-03 20:00:00-05:00,0.16679594069880688,34.561790520580224,50.0,-10.802005420118583,4.803,0.0,0.0,0.0,140.0,136.8894,0,2800.0,40.0,192.12
21,2026-08-03 21:00:00-05:00,0.34082824049655214,26.5100844859505,0.0,-0.3407437545460539,0.0,26.51,0.0,0.0,140.0,141.45225,0,0.0,40.0,1060.4
22,2026-08-03 22:00:00-05:00,0.16303308668159225,19.11566057659668,0.0,18.952627489915088,0.0,0.0,0.0,0.0,80.0,113.54698684210526,0,0.0,1556.210199193207,0.0
23,2026-08-03 23:00:00-05:00,0.19959508039068977,15.171967824941312,0.0,14.972372744550622,0.0,0.0,0.0,0.0,80.0,113.54698684210526,0,0.0,1237.7898195640498,0.0
0,2026-08-04 00:00:00-05:00,0.23303948216469306,11.269355206115684,0.0,11.03631572395099,0.0,0.0,0.0,0.0,45.0,130.0,0,0.0,536.6342075777945,0.0
1,2026-08-04 01:00:00-05:00,0.052292029018679485,10.694233346499276,0.0,10.641941317480596,0.0,0.0,0.0,0.0,45.0,130.0,0,0.0,518.8873592866269,0.0
2,2026-08-04 02:00:00-05:00,0.18489809273456814,10.694233346499276,0.0,10.509335253764707,0.0,0.0,0.0,0.0,45.0,130.0,0,0.0,512.9200864194117,0.0
3,2026-08-04 03:00:00-05:00,0.18661034522512157,10.694233346499276,0.0,10.507623001274155,0.0,0.0,0.0,0.0,45.0,130.0,0,0.0,512.8430350573369,0.0
4,2026-08-04 04:00:00-05:00,0.258817836188519,20.224824162999756,0.0,19.966006326811236,0.0,0.0,0.0,0.0,45.0,130.0,0,0.0,938.4702847065056,0.0
5,2026-08-04 05:00:00-05:00,0.26203249143326157,27.33168714254537,0.0,27.06965465111211,0.0,0.0,0.0,0.0,45.0,130.0,0,0.0,1258.134459300045,0.0
6,2026-08-04 06:00:00-05:00,0.43632194744324754,29.385693784032547,0.0,28.9493718365893,0.0,0.0,0.0,0.0,80.0,130.0,0,0.0,2355.949746927144,0.0
7,2026-08-04 07:00:00-05:00,2.926495263372171,43.17880217378388,50.0,-4.623693089588286,5.124,0.0,0.0,0.0,80.0,130.0,0,2800.0,40.0,204.95999999999998
8,2026-08-04 08:00:00-05:00,8.012926475822816,62.53112730631657,59.61,-5.0917991695062526,0.0,0.0,0.0,0.0,80.0,134.8678,0,3385.8352099999997,40.0,0.0
9,2026-08-04 09:00:00-05:00,12.80448412098898,62.94192863461401,55.104,-4.966555486374965,0.0,0.0,0.0,0.0,80.0,134.8678,0,3108.8450816,40.0,0.0
10,2026-08-04 10:00:00-05:00,26.465719349960455,65.61213726854733,50.0,-10.853582081413123,0.0,0.0,0.0,0.0,80.0,134.8678,0,2800.0,40.0,0.0
11,2026-08-04 11:00:00-05:00,30.744008914006486,67.17318231607759,50.0,-13.5708265979289,0.0,0.0,0.0,0.0,80.0,134.8678,0,2800.0,40.0,0.0
12,2026-08-04 12:00:00-05:00,31.083059009531,73.66384330317705,52.942,-10.361215706353946,0.0,0.0,0.0,0.0,80.0,134.8678,0,2977.3855364,40.0,0.0
13,2026-08-04 13:00:00-05:00,28.925965436386292,66.59806045646117,50.0,-10.51190497992512,1.816,0.0,0.0,0.0,80.0,134.8678,0,2800.0,40.0,72.64
14,2026-08-04 14:00:00-05:00,25.108023679305422,62.44896704065709,50.0,-12.65905663864833,0.0,0.0,0.0,0.0,80.0,136.593,0,2800.0,40.0,0.0
15,2026-08-04 15:00:00-05:00,18.44169523142227,61.58628425123247,52.734,-9.589410980189797,0.0,0.0,0.0,0.0,80.0,136.593,0,2964.7874756,40.0,0.0
16,2026-08-04 16:00:00-05:00,11.550718022190388,62.0792458451894,56.486,-5.957472177000987,0.0,0.0,0.0,0.0,80.0,136.593,0,3193.3668196,40.0,0.0
17,2026-08-04 17:00:00-05:00,5.3664317660204555,63.252704616230645,61.073,-3.1867271497898173,0.0,0.0,0.0,0.0,80.0,136.593,0,3476.6411329000002,40.0,0.0
18,2026-08-04 18:00:00-05:00,0.9723621455846866,80.0,80.0,-0.9723621455846825,0.0,0.0,0.0,0.0,80.0,136.593,0,4690.0,40.0,0.0
19,2026-08-04 19:00:00-05:00,0.2122133728910638,63.84210898714483,63.842,-0.2121043857462226,0.0,0.0,0.0,0.0,140.0,136.593,0,3649.6800964000004,40.0,0.0
20,2026-08-04 20:00:00-05:00,0.1297049163876993,34.561790520580224,50.0,-14.71891439580748,0.849,0.0,0.0,0.0,140.0,136.593,0,2800.0,40.0,33.96
21,2026-08-04 21:00:00-05:00,0.3850437769087882,26.5100844859505,0.0,-0.38495929095828885,0.0,26.51,0.0,0.0,140.0,137.39954999999998,0,0.0,40.0,1060.4
22,2026-08-04 22:00:00-05:00,0.19797044635090544,19.11566057659668,0.0,18.917690130245777,0.0,0.0,0.0,0.0,80.0,109.49428684210524,0,0.0,1553.4152104196621,0.0
23,2026-08-04 23:00:00-05:00,0.28802837415916177,15.171967824941312,0.0,14.883939450782151,0.0,0.0,0.0,0.0,80.0,109.49428684210524,0,0.0,1230.715156062572,0.0
0,2026-08-05 00:00:00-05:00,0.20950673925335314,11.269355206115684,0.0,11.05984846686233,0.0,0.0,0.0,0.0,45.0,130.0,0,0.0,537.6931810088049,0.0
1,2026-08-05 01:00:00-05:00,0.2404385590951079,10.694233346499276,0.0,10.453794787404169,0.0,0.0,0.0,0.0,45.0,130.0,0,0.0,510.42076543318757,0.0
2,2026-08-05 02:00:00-05:00,0.2590750496011348,10.694233346499276,0.0,10.435158296898141,0.0,0.0,0.0,0.0,45.0,130.0,0,0.0,509.58212336041635,0.0
3,2026-08-05 03:00:00-05:00,0.2632385895262946,10.694233346499276,0.0,10.430994756972982,0.0,0.0,0.0,0.0,45.0,130.0,0,0.0,509.3947640637842,0.0
4,2026-08-05 04:00:00-05:00,0.19776741203450013,20.224824162999756,0.0,20.027056750965254,0.0,0.0,0.0,0.0,45.0,130.0,0,0.0,941.2175537934364,0.0
5,2026-08-05 05:00:00-05:00,0.1295468423967048,27.33168714254537,0.0,27.202140300148663,0.0,0.0,0.0,0.0,45.0,130.0,0,0.0,1264.0963135066897,0.0
6,2026-08-05 06:00:00-05:00,0.45878719111805033,29.385693784032547,0.0,28.9269065929145,0.0,0.0,0.0,0.0,80.0,130.0,0,0.0,2354.15252743316,0.0
7,2026-08-05 07:00:00-05:00,2.095209828769032,43.17880217378388,50.0,-2.6084076549851503,6.308,0.0,0.0,0.0,80.0,130.0,0,2800.0,40.0,252.32
8,2026-08-05 08:00:00-05:00,4.487356115782085,62.53112730631657,59.588,-1.5442288094655154,0.0,0.0,0.0,0.0,80.0,135.9926,0,3384.4729743999997,40.0,0.0
9,2026-08-05 09:00:00-05:00,7.249223888938773,62.94192863461401,57.669,-1.9762952543247607,0.0,0.0,0.0,0.0,80.0,135.9926,0,3266.0213561,40.0,0.0
10,2026-08-05 10:00:00-05:00,15.589723913442825,65.61213726854733,55.062,-5.039586644895493,0.0,0.0,0.0,0.0,80.0,135.9926,0,3106.2823844,40.0,0.0
11,2026-08-05 11:00:00-05:00,16.805594537417253,67.17318231607759,50.927,-0.5594122213396702,0.0,0.0,0.0,0.0,80.0,135.9926,0,2855.7059329000003,40.0,0.0
12,2026-08-05 12:00:00-05:00,17.644507079323276,73.66384330317705,57.214,-1.1946637761462284,0.0,0.0,0.0,0.0,80.0,135.9926,0,3238.0441796,40.0,0.0
13,2026-08-05 13:00:00-05:00,14.864984342723815,66.59806045646117,50.0,2.2990761137373568,0.566,0.0,0.0,0.0,80.0,135.9926,0,2800.0,223.92608909898854,22.639999999999997
14,2026-08-05 14:00:00-05:00,11.41941174224601,62.44896704065709,50.997,0.03255529841107574,0.0,0.0,0.0,0.0,80.0,136.5303,0,2859.9194009000003,42.60442387288606,0.0
15,2026-08-05 15:00:00-05:00,9.387798923502844,61.58628425123247,54.886,-2.6875146722703818,0.0,0.0,0.0,0.0,80.0,136.5303,0,3095.5472996000003,40.0,0.0
16,2026-08-05 16:00:00-05:00,7.156225792073687,62.0792458451894,57.707,-2.783979946884294,0.0,0.0,0.0,0.0,80.0,136.5303,0,3268.3597849000002,40.0,0.0
17,2026-08-05 17:00:00-05:00,3.9372381397860665,63.252704616230645,61.425,-2.109533523555413,0.0,0.0,0.0,0.0,80.0,136.5303,0,3498.5530624999997,40.0,0.0
18,2026-08-05 18:00:00-05:00,1.1940995420254403,80.0,80.0,-1.194099542025441,0.0,0.0,0.0,0.0,80.0,136.5303,0,4690.0,40.0,0.0
19,2026-08-05 19:00:00-05:00,0.31228297618850703,63.84210898714483,63.842,-0.31217398904367855,0.0,0.0,0.0,0.0,140.0,136.5303,0,3649.6800964000004,40.0,0.0
20,2026-08-05 20:00:00-05:00,0.04663775463097299,34.561790520580224,50.0,-1.6948472340507479,13.79,0.0,0.0,0.0,140.0,136.5303,0,2800.0,40.0,551.5999999999999
21,2026-08-05 21:00:00-05:00,0.1320624302667438,26.5100844859505,0.0,-0.13197794431624388,0.0,26.51,0.0,0.0,140.0,149.63080000000002,0,0.0,40.0,1060.4
22,2026-08-05 22:00:00-05:00,0.25280112390508297,19.11566057659668,0.0,18.8628594526916,0.0,0.0,0.0,0.0,80.0,121.72553684210529,0,0.0,1549.0287562153278,0.0
23,2026-08-05 23:00:00-05:00,0.21218930365263286,15.171967824941312,0.0,14.95977852128868,0.0,0.0,0.0,0.0,80.0,121.72553684210529,0,0.0,1236.7822817030944,0.0
0,2026-08-06 00:00:00-05:00,0.23986752407319875,11.269355206115684,0.0,11.029487682042484,0.0,0.0,0.0,0.0,45.0,130.0,0,0.0,536.3269456919118,0.0
1,2026-08-06 01:00:00-05:00,0.19126550204361722,10.694233346499276,0.0,10.50296784445566,0.0,0.0,0.0,0.0,45.0,130.0,0,0.0,512.6335530005047,0.0
2,2026-08-06 02:00:00-05:00,0.17478303940989617,10.694233346499276,0.0,10.51945030708938,0.0,0.0,0.0,0.0,45.0,130.0,0,0.0,513.3752638190222,0.0
3,2026-08-06 03:00:00-05:00,0.28851014848102285,10.694233346499276,0.0,10.405723198018253,0.0,0.0,0.0,0.0,45.0,130.0,0,0.0,508.25754391082137,0.0
4,2026-08-06 04:00:00-05:00,0.0776048429674756,20.224824162999756,0.0,20.14721932003228,0.0,0.0,0.0,0.0,45.0,130.0,0,0.0,946.6248694014527,0.0
5,2026-08-06 05:00:00-05:00,0.12340297196361621,27.33168714254537,0.0,27.208284170581752,0.0,0.0,0.0,0.0,45.0,130.0,0,0.0,1264.3727876761789,0.0
6,2026-08-06 06:00:00-05:00,0.4405944189158734,29.385693784032547,0.0,28.945099365116675,0.0,0.0,0.0,0.0,80.0,130.0,0,0.0,2355.607949209334,0.0
7,2026-08-06 07:00:00-05:00,2.2674563077049084,43.17880217378388,50.0,-1.6636541339210353,7.425,0.0,0.0,0.0,80.0,130.0,0,2800.0,40.0,297.0
8,2026-08-06 08:00:00-05:00,4.786153844087214,62.53112730631657,59.724,-1.9790265377706433,0.0,0.0,0.0,0.0,80.0,137.05375,0,3392.8956176,40.0,0.0
9,2026-08-06 09:00:00-05:00,5.390980347888514,62.94192863461401,57.701,-0.1500517132745074,0.0,0.0,0.0,0.0,80.0,137.05375,0,3267.9905401,40.0,0.0
10,2026-08-06 10:00:00-05:00,11.342859764956616,65.61213726854733,55.096,-0.826722496409289,0.0,0.0,0.0,0.0,80.0,137.05375,0,3108.3569215999996,40.0,0.0
11,2026-08-06 11:00:00-05:00,14.917346776113035,67.17318231607759,55.019,-2.7631644600354406,0.0,0.0,0.0,0.0,80.0,137.05375,0,3103.6590361,40.0,0.0
12,2026-08-06 12:00:00-05:00,19.225224774046566,73.66384330317705,61.315,-6.876381470869518,0.0,0.0,0.0,0.0,80.0,137.05375,0,3491.7029225,40.0,0.0
13,2026-08-06 13:00:00-05:00,20.909293695821308,66.59806045646117,52.472,-6.783233239360143,0.0,0.0,0.0,0.0,80.0,137.05375,0,2948.9310784,40.0,0.0
14,2026-08-06 14:00:00-05:00,18.589475859287273,62.44896704065709,50.0,-6.140508818630188,0.0,0.0,0.0,0.0,80.0,137.05375,0,2800.0,40.0,0.0
15,2026-08-06 15:00:00-05:00,16.405078405544412,61.58628425123247,55.522,-10.340794154311936,0.0,0.0,0.0,0.0,80.0,137.05375,0,3134.3692484,40.0,0.0
16,2026-08-06 16:00:00-05:00,11.255989396716545,62.0792458451894,56.778,-5.954743551527152,0.0,0.0,0.0,0.0,80.0,137.05375,0,3211.2741284000003,40.0,0.0
17,2026-08-06 17:00:00-05:00,5.647067578466911,63.252704616230645,61.763,-4.157362962236263,0.0,0.0,0.0,0.0,80.0,137.05375,0,3519.6168169,40.0,0.0
18,2026-08-06 18:00:00-05:00,1.325526389045313,80.0,80.0,-1.325526389045308,0.0,0.0,0.0,0.0,80.0,137.05375,0,4690.0,40.0,0.0
19,2026-08-06 19:00:00-05:00,0.22648340689996038,63.84210898714483,63.842,-0.22637441975512473,0.0,0.0,0.0,0.0,140.0,137.05375,0,3649.6800964000004,40.0,0.0
20,2026-08-06 20:00:00-05:00,0.10507870500107304,34.561790520580224,50.0,-1.8402881844208494,13.703,0.0,0.0,0.0,140.0,137.05375,0,2800.0,40.0,548.12
21,2026-08-06 21:00:00-05:00,0.2738216842139686,26.5100844859505,0.0,-0.27373719826346843,0.0,26.51,0.0,0.0,140.0,150.07160000000002,0,0.0,40.0,1060.4
22,2026-08-06 22:00:00-05:00,0.2852726304389466,19.11566057659668,0.0,18.830387946157735,0.0,0.0,0.0,0.0,80.0,122.16633684210528,0,0.0,1546.431035692619,0.0
23,2026-08-06 23:00:00-05:00,0.09769045796939929,15.171967824941312,0.0,15.074277366971913,0.0,0.0,0.0,0.0,80.0,122.16633684210528,0,0.0,1245.942189357753,0.0
