hour,timestamp,pv_real_kw,load_real_kw,diesel_kw,grid_kw,charge_kw,discharge_kw,curtailed_kw,tariff,soc_kwh,violation,cost_diesel,cost_grid,cost_battery
0,2026-07-18 00:00:00-05:00,0.1010231824945534,2.876712328851813,50.0,-47.224310853642734,0.0,0.0,0.0,45.0,130.0,0,2800.0,-2085.093988413923,0.0
1,2026-07-18 01:00:00-05:00,0.3259453432444272,2.8767123850971856,50.0,-34.29123295814724,13.158,0.0,0.0,45.0,130.0,0,2800.0,-1503.105483116626,0.26316
2,2026-07-18 02:00:00-05:00,0.28214633486556034,2.876726112278856,50.0,-47.4054202225867,0.0,0.0,0.0,45.0,142.5001,0,2800.0,-2093.2439100164015,0.0
3,2026-07-18 03:00:00-05:00,0.19720688274317189,2.877953080952517,50.0,-47.31925380179066,0.0,0.0,0.0,45.0,142.5001,0,2800.0,-2089.3664210805796,0.0
4,2026-07-18 04:00:00-05:00,0.2113953988317697,2.917800398155143,50.0,-47.293595000676625,0.0,0.0,0.0,45.0,142.5001,0,2800.0,-2088.2117750304483,0.0
5,2026-07-18 05:00:00-05:00,0.2212811268612671,3.3772674859436367,50.0,3.1559863590823727,50.0,0.0,0.0,45.0,142.5001,0,2800.0,182.01938615870677,1.0
6,2026-07-18 06:00:00-05:00,0.3001967742536355,5.120044905786454,161.111,-156.29115186846718,0.0,0.0,0.0,80.0,190.0,0,10701.2254321,-12463.292149477375,0.0
7,2026-07-18 07:00:00-05:00,1.974326025756989,6.575342465753426,161.111,-156.50998356000355,0.0,0.0,0.0,80.0,190.0,0,10701.2254321,-12480.798684800284,0.0
8,2026-07-18 08:00:00-05:00,6.020282647590786,5.120044905786454,161.111,-162.01123774180434,0.0,0.0,0.0,80.0,190.0,0,10701.2254321,-12920.899019344346,0.0
9,2026-07-18 09:00:00-05:00,11.4599595253742,3.3772674859436367,161.111,-169.19369203943054,0.0,0.0,0.0,80.0,190.0,0,10701.2254321,-13495.495363154443,0.0
10,2026-07-18 10:00:00-05:00,24.938806284707187,2.917800398155143,161.111,-183.13200588655204,0.0,0.0,0.0,80.0,190.0,0,10701.2254321,-14610.560470924163,0.0
11,2026-07-18 11:00:00-05:00,24.71261653755087,2.8779530809525737,161.111,-182.94566345659828,0.0,0.0,0.0,80.0,190.0,0,10701.2254321,-14595.653076527862,0.0
12,2026-07-18 12:00:00-05:00,23.392712916066596,2.8767261123823644,161.111,-181.62698680368422,0.0,0.0,0.0,80.0,190.0,0,10701.2254321,-14490.158944294737,0.0
13,2026-07-18 13:00:00-05:00,22.809597027978796,2.8767124539450397,161.111,-181.04388457403374,0.0,0.0,0.0,80.0,190.0,0,10701.2254321,-14443.5107659227,0.0
14,2026-07-18 14:00:00-05:00,21.092749343528983,2.8767291753661524,161.111,-179.32702016816282,0.0,0.0,0.0,80.0,190.0,0,10701.2254321,-14306.161613453025,0.0
15,2026-07-18 15:00:00-05:00,16.251720050643595,2.8782288036604284,161.111,-174.48449124698317,0.0,0.0,0.0,80.0,190.0,0,10701.2254321,-13918.759299758654,0.0
16,2026-07-18 16:00:00-05:00,10.597395680127795,2.9269310802413693,161.111,-168.78146459988642,0.0,0.0,0.0,80.0,190.0,0,10701.2254321,-13462.517167990914,0.0
17,2026-07-18 17:00:00-05:00,5.422796328737102,3.488501965316195,161.111,-163.04529436342088,0.0,0.0,0.0,80.0,190.0,0,10701.2254321,-13003.62354907367,0.0
18,2026-07-18 18:00:00-05:00,1.5424475220568967,5.618563256235194,161.111,-157.0348842658217,0.0,0.0,0.0,80.0,190.0,0,10701.2254321,-12522.790741265735,0.0
19,2026-07-18 19:00:00-05:00,0.34854400187775875,7.397260273972603,264.549,-300.0,0.0,42.5,0.0,140.0,190.0,0,20276.067340099995,-41960.0,0.85
20,2026-07-18 20:00:00-05:00,0.16919018162585098,5.618563256235194,255.449,-299.9996269253907,0.0,50.0,0.0,140.0,145.26315789473685,0,19347.8691601,-41959.9477695547,1.0
21,2026-07-18 21:00:00-05:00,0.11508921389253272,3.488501965316195,253.373,-299.99958724857635,0.0,50.0,0.0,140.0,92.63157894736842,0,19138.4377129,-41959.942214800685,1.0
22,2026-07-18 22:00:00-05:00,0.1132053537745668,2.9269310802413693,161.111,-158.2972742735332,0.0,0.0,0.0,80.0,40.0,0,10701.2254321,-12623.781941882655,0.0
23,2026-07-18 23:00:00-05:00,0.11782824789785995,2.8782288036603814,161.111,-158.35059944423745,0.0,0.0,0.0,80.0,40.0,0,10701.2254321,-12628.047955538996,0.0
0,2026-07-19 00:00:00-05:00,0.23580347651205535,2.876712328851813,50.0,-47.35909114766024,0.0,0.0,0.0,45.0,130.0,0,2800.0,-2091.1591016447105,0.0
1,2026-07-19 01:00:00-05:00,0.20713168739600352,2.8767123850971856,50.0,-47.330419302298814,0.0,0.0,0.0,45.0,130.0,0,2800.0,-2089.8688686034466,0.0
2,2026-07-19 02:00:00-05:00,0.1798052345181765,2.876726112278856,50.0,-34.14507912223932,13.158,0.0,0.0,45.0,130.0,0,2800.0,-1496.5285605007696,0.26316
3,2026-07-19 03:00:00-05:00,0.1314161156822006,2.877953080952517,50.0,-47.253463034729684,0.0,0.0,0.0,45.0,142.5001,0,2800.0,-2086.4058365628357,0.0
4,2026-07-19 04:00:00-05:00,0.24975182836759033,2.917800398155143,50.0,-47.33195143021245,0.0,0.0,0.0,45.0,142.5001,0,2800.0,-2089.93781435956,0.0
5,2026-07-19 05:00:00-05:00,0.19346530545037346,3.3772674859436367,50.0,3.1838021804932626,50.0,0.0,0.0,45.0,142.5001,0,2800.0,183.2710981221968,1.0
6,2026-07-19 06:00:00-05:00,0.4645151103798885,5.120044905786454,161.111,-156.45547020459344,0.0,0.0,0.0,80.0,190.0,0,10701.2254321,-12476.437616367475,0.0
7,2026-07-19 07:00:00-05:00,2.4786684630007354,6.575342465753426,161.111,-157.01432599724728,0.0,0.0,0.0,80.0,190.0,0,10701.2254321,-12521.146079779783,0.0
8,2026-07-19 08:00:00-05:00,7.596132074640789,5.120044905786454,161.111,-163.58708716885434,0.0,0.0,0.0,80.0,190.0,0,10701.2254321,-13046.966973508348,0.0
9,2026-07-19 09:00:00-05:00,10.249081103090608,3.3772674859436367,161.111,-167.98281361714697,0.0,0.0,0.0,80.0,190.0,0,10701.2254321,-13398.625089371759,0.0
10,2026-07-19 10:00:00-05:00,15.24205353194638,2.917800398155143,161.111,-173.4352531337912,0.0,0.0,0.0,80.0,190.0,0,10701.2254321,-13834.820250703297,0.0
11,2026-07-19 11:00:00-05:00,18.211637171193157,2.8779530809525737,161.111,-176.44468409024057,0.0,0.0,0.0,80.0,190.0,0,10701.2254321,-14075.574727219246,0.0
12,2026-07-19 12:00:00-05:00,23.939597703828273,2.8767261123823644,161.111,-182.1738715914459,0.0,0.0,0.0,80.0,190.0,0,10701.2254321,-14533.909727315673,0.0
13,2026-07-19 13:00:00-05:00,21.039742603333906,2.8767124539450397,161.111,-179.27403014938886,0.0,0.0,0.0,80.0,190.0,0,10701.2254321,-14301.92241195111,0.0
14,2026-07-19 14:00:00-05:00,16.792722057424907,2.8767291753661524,161.111,-175.02699288205872,0.0,0.0,0.0,80.0,190.0,0,10701.2254321,-13962.159430564698,0.0
15,2026-07-19 15:00:00-05:00,10.477465777281102,2.8782288036604284,161.111,-168.71023697362068,0.0,0.0,0.0,80.0,190.0,0,10701.2254321,-13456.818957889654,0.0
16,2026-07-19 16:00:00-05:00,7.814580846949336,2.9269310802413693,161.111,-165.99864976670796,0.0,0.0,0.0,80.0,190.0,0,10701.2254321,-13239.891981336637,0.0
17,2026-07-19 17:00:00-05:00,4.0697117368538285,3.488501965316195,161.111,-161.69220977153762,0.0,0.0,0.0,80.0,190.0,0,10701.2254321,-12895.37678172301,0.0
18,2026-07-19 18:00:00-05:00,1.147093292933217,5.618563256235194,161.111,-156.639530036698,0.0,0.0,0.0,80.0,190.0,0,10701.2254321,-12491.16240293584,0.0
19,2026-07-19 19:00:00-05:00,0.16255339630283347,7.397260273972603,257.235,-300.0,0.0,50.0,0.0,140.0,190.0,0,19528.734522500003,-41960.0,1.0
20,2026-07-19 20:00:00-05:00,0.08396302401484607,5.618563256235194,263.035,-300.0,0.0,42.5,0.0,140.0,137.36842105263156,0,20120.491122500003,-41960.0,0.85
21,2026-07-19 21:00:00-05:00,0.2681847443472885,3.488501965316195,253.22,-299.9996827790311,0.0,50.0,0.0,140.0,92.63157894736841,0,19123.03684,-41959.95558906435,1.0
22,2026-07-19 22:00:00-05:00,0.3829165475386391,2.9269310802413693,161.111,-158.56698546729726,0.0,0.0,0.0,80.0,40.0,0,10701.2254321,-12645.358837383781,0.0
23,2026-07-19 23:00:00-05:00,0.11434794916691393,2.8782288036603814,161.111,-158.34711914550653,0.0,0.0,0.0,80.0,40.0,0,10701.2254321,-12627.769531640522,0.0
0,2026-07-20 00:00:00-05:00,0.07904921617108922,2.876712328851813,50.0,-47.20233688731928,0.0,0.0,0.0,45.0,130.0,0,2800.0,-2084.1051599293673,0.0
1,2026-07-20 01:00:00-05:00,0.11279472896556804,2.8767123850971856,50.0,-47.23608234386838,0.0,0.0,0.0,45.0,130.0,0,2800.0,-2085.6237054740773,0.0
2,2026-07-20 02:00:00-05:00,0.06528317800186607,2.876726112278856,50.0,-47.188557065723,0.0,0.0,0.0,45.0,130.0,0,2800.0,-2083.485067957535,0.0
3,2026-07-20 03:00:00-05:00,0.19199050198874693,2.877953080952517,50.0,-34.15603742103623,13.158,0.0,0.0,45.0,130.0,0,2800.0,-1497.0216839466304,0.26316
4,2026-07-20 04:00:00-05:00,0.2562026970258235,2.917800398155143,50.0,-47.338402298870676,0.0,0.0,0.0,45.0,142.5001,0,2800.0,-2090.2281034491803,0.0
5,2026-07-20 05:00:00-05:00,0.27241207220231684,3.3772674859436367,50.0,3.1048554137413222,50.0,0.0,0.0,45.0,142.5001,0,2800.0,179.7184936183595,1.0
6,2026-07-20 06:00:00-05:00,0.4997338160745158,5.120044905786454,161.111,-156.49068891028807,0.0,0.0,0.0,80.0,190.0,0,10701.2254321,-12479.255112823046,0.0
7,2026-07-20 07:00:00-05:00,3.208267929352361,6.575342465753426,161.111,-157.7439254635989,0.0,0.0,0.0,80.0,190.0,0,10701.2254321,-12579.514037087913,0.0
8,2026-07-20 08:00:00-05:00,8.50847080571309,5.120044905786454,161.111,-164.49942589992665,0.0,0.0,0.0,80.0,190.0,0,10701.2254321,-13119.954071994132,0.0
9,2026-07-20 09:00:00-05:00,12.970463127562864,3.3772674859436367,161.111,-170.7041956416192,0.0,0.0,0.0,80.0,190.0,0,10701.2254321,-13616.335651329537,0.0
10,2026-07-20 10:00:00-05:00,25.366777513940136,2.917800398155143,161.111,-183.55997711578496,0.0,0.0,0.0,80.0,190.0,0,10701.2254321,-14644.798169262796,0.0
11,2026-07-20 11:00:00-05:00,28.048945386743792,2.8779530809525737,161.111,-186.2819923057912,0.0,0.0,0.0,80.0,190.0,0,10701.2254321,-14862.559384463295,0.0
12,2026-07-20 12:00:00-05:00,27.48562224905209,2.8767261123823644,161.111,-185.71989613666972,0.0,0.0,0.0,80.0,190.0,0,10701.2254321,-14817.591690933577,0.0
13,2026-07-20 13:00:00-05:00,23.562177114058333,2.8767124539450397,161.111,-181.7964646601133,0.0,0.0,0.0,80.0,190.0,0,10701.2254321,-14503.717172809063,0.0
14,2026-07-20 14:00:00-05:00,20.992054748825115,2.8767291753661524,161.111,-179.22632557345895,0.0,0.0,0.0,80.0,190.0,0,10701.2254321,-14298.106045876717,0.0
15,2026-07-20 15:00:00-05:00,15.095317701226199,2.8782288036604284,161.111,-173.32808889756578,0.0,0.0,0.0,80.0,190.0,0,10701.2254321,-13826.247111805262,0.0
16,2026-07-20 16:00:00-05:00,9.031378094962287,2.9269310802413693,161.111,-167.21544701472092,0.0,0.0,0.0,80.0,190.0,0,10701.2254321,-13337.235761177673,0.0
17,2026-07-20 17:00:00-05:00,4.903597695801307,3.488501965316195,161.111,-162.52609573048508,0.0,0.0,0.0,80.0,190.0,0,10701.2254321,-12962.087658438806,0.0
18,2026-07-20 18:00:00-05:00,0.8068208011557091,5.618563256235194,161.111,-156.2992575449205,0.0,0.0,0.0,80.0,190.0,0,10701.2254321,-12463.940603593639,0.0
19,2026-07-20 19:00:00-05:00,0.42598615374403104,7.397260273972603,264.471,-299.9997258797714,0.0,42.5,0.0,140.0,190.0,0,20268.0409841,-41959.961623168,0.85
20,2026-07-20 20:00:00-05:00,0.18803861210951323,5.618563256235194,255.431,-300.0,0.0,50.0,0.0,140.0,145.26315789473685,0,19346.049576100002,-41960.0,1.0
21,2026-07-20 21:00:00-05:00,0.15460341754403162,3.488501965316195,253.334,-300.0,0.0,50.0,0.0,140.0,92.63157894736842,0,19134.5115556,-41960.0,1.0
22,2026-07-20 22:00:00-05:00,0.11553669019956055,2.9269310802413693,161.111,-158.29960560995818,0.0,0.0,0.0,80.0,40.0,0,10701.2254321,-12623.968448796655,0.0
23,2026-07-20 23:00:00-05:00,0.25385287533049233,2.8782288036603814,161.111,-158.4866240716701,0.0,0.0,0.0,80.0,40.0,0,10701.2254321,-12638.929925733608,0.0
0,2026-07-21 00:00:00-05:00,0.10647369349811968,2.876712328851813,50.0,-47.22976136464631,0.0,0.0,0.0,45.0,130.0,0,2800.0,-2085.339261409084,0.0
1,2026-07-21 01:00:00-05:00,0.17746525165929328,2.8767123850971856,50.0,2.6992471334378934,50.0,0.0,0.0,45.0,130.0,0,2800.0,161.4661210047052,1.0
2,2026-07-21 02:00:00-05:00,0.11605066827647577,2.876726112278856,50.0,-47.23932455599763,0.0,0.0,0.0,45.0,177.5,0,2800.0,-2085.7696050198933,0.0
3,2026-07-21 03:00:00-05:00,0.3867322386210092,2.877953080952517,50.0,-47.50877915766849,0.0,0.0,0.0,45.0,177.5,0,2800.0,-2097.8950620950823,0.0
4,2026-07-21 04:00:00-05:00,0.1619220713475392,2.917800398155143,50.0,-47.244121673192396,0.0,0.0,0.0,45.0,177.5,0,2800.0,-2085.9854752936576,0.0
5,2026-07-21 05:00:00-05:00,0.15871086851328498,3.3772674859436367,50.0,-33.62344338256965,13.158,0.0,0.0,45.0,177.5,0,2800.0,-1473.054952215634,0.26316
6,2026-07-21 06:00:00-05:00,0.3485318791879286,5.120044905786454,161.111,-156.33948697340148,0.0,0.0,0.0,80.0,190.0,0,10701.2254321,-12467.158957872118,0.0
7,2026-07-21 07:00:00-05:00,3.8025009431000893,6.575342465753426,161.111,-158.33815847734664,0.0,0.0,0.0,80.0,190.0,0,10701.2254321,-12627.05267818773,0.0
8,2026-07-21 08:00:00-05:00,9.427949275236353,5.120044905786454,161.111,-165.4189043694499,0.0,0.0,0.0,80.0,190.0,0,10701.2254321,-13193.512349555993,0.0
9,2026-07-21 09:00:00-05:00,13.553926477759449,3.3772674859436367,161.111,-171.28765899181582,0.0,0.0,0.0,80.0,190.0,0,10701.2254321,-13663.012719345264,0.0
10,2026-07-21 10:00:00-05:00,26.982496669182737,2.917800398155143,161.111,-185.1756962710276,0.0,0.0,0.0,80.0,190.0,0,10701.2254321,-14774.055701682208,0.0
11,2026-07-21 11:00:00-05:00,28.21760433832064,2.8779530809525737,161.111,-186.45065125736807,0.0,0.0,0.0,80.0,190.0,0,10701.2254321,-14876.052100589444,0.0
12,2026-07-21 12:00:00-05:00,27.24439121932269,2.8767261123823644,161.111,-185.47866510694033,0.0,0.0,0.0,80.0,190.0,0,10701.2254321,-14798.293208555226,0.0
13,2026-07-21 13:00:00-05:00,26.928034824924282,2.8767124539450397,161.111,-185.16232237097924,0.0,0.0,0.0,80.0,190.0,0,10701.2254321,-14772.98578967834,0.0
14,2026-07-21 14:00:00-05:00,23.528088462975205,2.8767291753661524,161.111,-181.76235928760903,0.0,0.0,0.0,80.0,190.0,0,10701.2254321,-14500.988743008722,0.0
15,2026-07-21 15:00:00-05:00,20.162100025224508,2.8782288036604284,161.111,-178.39487122156407,0.0,0.0,0.0,80.0,190.0,0,10701.2254321,-14231.589697725125,0.0
16,2026-07-21 16:00:00-05:00,14.16513441415079,2.9269310802413693,161.111,-172.34920333390943,0.0,0.0,0.0,80.0,190.0,0,10701.2254321,-13747.936266712753,0.0
17,2026-07-21 17:00:00-05:00,6.688357579730822,3.488501965316195,161.111,-164.3108556144146,0.0,0.0,0.0,80.0,190.0,0,10701.2254321,-13104.868449153168,0.0
18,2026-07-21 18:00:00-05:00,1.180201602961559,5.618563256235194,161.111,-156.67263834672633,0.0,0.0,0.0,80.0,190.0,0,10701.2254321,-12493.811067738106,0.0
19,2026-07-21 19:00:00-05:00,0.19851515081933038,7.397260273972603,264.699,-300.0,0.0,42.5,0.0,140.0,190.0,0,20291.5060601,-41960.0,0.85
20,2026-07-21 20:00:00-05:00,0.19521915618602315,5.618563256235194,255.423,-299.9996558999508,0.0,50.0,0.0,140.0,145.26315789473685,0,19345.2408929,-41959.951825993114,1.0
21,2026-07-21 21:00:00-05:00,0.2905875845794315,3.488501965316195,253.198,-300.0,0.0,50.0,0.0,140.0,92.63157894736842,0,19120.822720400003,-41960.0,1.0
22,2026-07-21 22:00:00-05:00,0.33093891605602854,2.9269310802413693,161.111,-158.51500783581466,0.0,0.0,0.0,80.0,40.0,0,10701.2254321,-12641.200626865173,0.0
23,2026-07-21 23:00:00-05:00,0.11491448741341188,2.8782288036603814,161.111,-158.347685683753,0.0,0.0,0.0,80.0,40.0,0,10701.2254321,-12627.814854700242,0.0
0,2026-07-22 00:00:00-05:00,0.2683939873936347,2.876712328851813,50.0,-34.233681658541826,13.158,0.0,0.0,45.0,130.0,0,2800.0,-1500.515674634382,0.26316
1,2026-07-22 01:00:00-05:00,0.3092840521957635,2.8767123850971856,50.0,-47.43257166709858,0.0,0.0,0.0,45.0,142.5001,0,2800.0,-2094.465725019436,0.0
2,2026-07-22 02:00:00-05:00,0.09430579273420377,2.876726112278856,50.0,-47.217579680455344,0.0,0.0,0.0,45.0,142.5001,0,2800.0,-2084.7910856204903,0.0
3,2026-07-22 03:00:00-05:00,0.2881391221042023,2.877953080952517,50.0,-47.41018604115169,0.0,0.0,0.0,45.0,142.5001,0,2800.0,-2093.458371851826,0.0
4,2026-07-22 04:00:00-05:00,0.06424514263342353,2.917800398155143,50.0,-47.14644474447828,0.0,0.0,0.0,45.0,142.5001,0,2800.0,-2081.5900135015227,0.0
5,2026-07-22 05:00:00-05:00,0.20416909785750503,3.3772674859436367,50.0,3.1730983880861348,50.0,0.0,0.0,45.0,142.5001,0,2800.0,182.78942746387605,1.0
6,2026-07-22 06:00:00-05:00,0.33181412879443467,5.120044905786454,161.111,-156.32276922300798,0.0,0.0,0.0,80.0,190.0,0,10701.2254321,-12465.821537840638,0.0
7,2026-07-22 07:00:00-05:00,3.945707743095159,6.575342465753426,161.111,-158.48136527734172,0.0,0.0,0.0,80.0,190.0,0,10701.2254321,-12638.509222187338,0.0
8,2026-07-22 08:00:00-05:00,8.977380330981857,5.120044905786454,161.111,-164.9683354251954,0.0,0.0,0.0,80.0,190.0,0,10701.2254321,-13157.466834015631,0.0
9,2026-07-22 09:00:00-05:00,12.035896873486221,3.3772674859436367,161.111,-169.76962938754258,0.0,0.0,0.0,80.0,190.0,0,10701.2254321,-13541.570351003407,0.0
10,2026-07-22 10:00:00-05:00,24.130655986899658,2.917800398155143,161.111,-182.3238555887445,0.0,0.0,0.0,80.0,190.0,0,10701.2254321,-14545.908447099559,0.0
11,2026-07-22 11:00:00-05:00,28.760985117400406,2.8779530809525737,161.111,-186.9940320364478,0.0,0.0,0.0,80.0,190.0,0,10701.2254321,-14919.522562915825,0.0
12,2026-07-22 12:00:00-05:00,28.32259919377543,2.8767261123823644,161.111,-186.55687308139306,0.0,0.0,0.0,80.0,190.0,0,10701.2254321,-14884.549846511445,0.0
13,2026-07-22 13:00:00-05:00,26.599811811143454,2.8767124539450397,161.111,-184.83409935719843,0.0,0.0,0.0,80.0,190.0,0,10701.2254321,-14746.727948575874,0.0
14,2026-07-22 14:00:00-05:00,24.501723406974936,2.8767291753661524,161.111,-182.73599423160877,0.0,0.0,0.0,80.0,190.0,0,10701.2254321,-14578.879538528701,0.0
15,2026-07-22 15:00:00-05:00,19.66228430183777,2.8782288036604284,161.111,-177.89505549817733,0.0,0.0,0.0,80.0,190.0,0,10701.2254321,-14191.604439854185,0.0
16,2026-07-22 16:00:00-05:00,11.844159541097872,2.9269310802413693,161.111,-170.0282284608565,0.0,0.0,0.0,80.0,190.0,0,10701.2254321,-13562.25827686852,0.0
17,2026-07-22 17:00:00-05:00,5.312259044050618,3.488501965316195,161.111,-162.9347570787344,0.0,0.0,0.0,80.0,190.0,0,10701.2254321,-12994.780566298752,0.0
18,2026-07-22 18:00:00-05:00,1.2379322738789456,5.618563256235194,161.111,-156.73036901764374,0.0,0.0,0.0,80.0,190.0,0,10701.2254321,-12498.429521411499,0.0
19,2026-07-22 19:00:00-05:00,0.12380786975699738,7.397260273972603,264.773,-299.9995475957844,0.0,42.5,0.0,140.0,190.0,0,20299.124152900004,-41959.93666340982,0.85
20,2026-07-22 20:00:00-05:00,0.124568276356397,5.618563256235194,255.494,-300.0,0.0,50.0,0.0,140.0,145.26315789473685,0,19352.4184036,-41960.0,1.0
21,2026-07-22 21:00:00-05:00,0.130411300739847,3.488501965316195,253.358,-299.99990933542364,0.0,50.0,0.0,140.0,92.63157894736842,0,19136.9276164,-41959.98730695931,1.0
22,2026-07-22 22:00:00-05:00,0.17466877327774044,2.9269310802413693,161.111,-158.35873769303637,0.0,0.0,0.0,80.0,40.0,0,10701.2254321,-12628.69901544291,0.0
23,2026-07-22 23:00:00-05:00,0.20006297459945444,2.8782288036603814,161.111,-158.43283417093906,0.0,0.0,0.0,80.0,40.0,0,10701.2254321,-12634.626733675124,0.0
0,2026-07-23 00:00:00-05:00,0.04736554292959386,2.876712328851813,50.0,-34.01265321407779,13.158,0.0,0.0,45.0,130.0,0,2800.0,-1490.5693946335005,0.26316
1,2026-07-23 01:00:00-05:00,0.16091165280036243,2.8767123850971856,50.0,-47.28419926770318,0.0,0.0,0.0,45.0,142.5001,0,2800.0,-2087.788967046643,0.0
2,2026-07-23 02:00:00-05:00,0.2406664639331971,2.876726112278856,50.0,-47.363940351654335,0.0,0.0,0.0,45.0,142.5001,0,2800.0,-2091.3773158244453,0.0
3,2026-07-23 03:00:00-05:00,0.2852592450340727,2.877953080952517,50.0,-47.407306164081554,0.0,0.0,0.0,45.0,142.5001,0,2800.0,-2093.32877738367,0.0
4,2026-07-23 04:00:00-05:00,0.23281127276475208,2.917800398155143,50.0,-47.315010874609605,0.0,0.0,0.0,45.0,142.5001,0,2800.0,-2089.175489357432,0.0
5,2026-07-23 05:00:00-05:00,0.06628791340017874,3.3772674859436367,50.0,3.3109795725434554,50.0,0.0,0.0,45.0,142.5001,0,2800.0,188.9940807644555,1.0
6,2026-07-23 06:00:00-05:00,0.20636736776557185,5.120044905786454,161.111,-156.19732246197913,0.0,0.0,0.0,80.0,190.0,0,10701.2254321,-12455.785796958331,0.0
7,2026-07-23 07:00:00-05:00,1.9576435109276373,6.575342465753426,161.111,-156.49330104517418,0.0,0.0,0.0,80.0,190.0,0,10701.2254321,-12479.464083613933,0.0
8,2026-07-23 08:00:00-05:00,5.51378371285172,5.120044905786454,161.111,-161.50473880706528,0.0,0.0,0.0,80.0,190.0,0,10701.2254321,-12880.379104565221,0.0
9,2026-07-23 09:00:00-05:00,8.152179608374313,3.3772674859436367,161.111,-165.88591212243068,0.0,0.0,0.0,80.0,190.0,0,10701.2254321,-13230.872969794455,0.0
10,2026-07-23 10:00:00-05:00,15.590286870366825,2.917800398155143,161.111,-173.78348647221165,0.0,0.0,0.0,80.0,190.0,0,10701.2254321,-13862.678917776931,0.0
11,2026-07-23 11:00:00-05:00,18.227768870507987,2.8779530809525737,161.111,-176.4608157895554,0.0,0.0,0.0,80.0,190.0,0,10701.2254321,-14076.865263164433,0.0
12,2026-07-23 12:00:00-05:00,19.24210446448914,2.8767261123823644,161.111,-177.47637835210676,0.0,0.0,0.0,80.0,190.0,0,10701.2254321,-14158.11026816854,0.0
13,2026-07-23 13:00:00-05:00,20.679479364998567,2.8767124539450397,161.111,-178.91376691105353,0.0,0.0,0.0,80.0,190.0,0,10701.2254321,-14273.101352884281,0.0
14,2026-07-23 14:00:00-05:00,20.052622782742105,2.8767291753661524,161.111,-178.28689360737593,0.0,0.0,0.0,80.0,190.0,0,10701.2254321,-14222.951488590075,0.0
15,2026-07-23 15:00:00-05:00,15.99210368511123,2.8782288036604284,161.111,-174.2248748814508,0.0,0.0,0.0,80.0,190.0,0,10701.2254321,-13897.989990516064,0.0
16,2026-07-23 16:00:00-05:00,10.454098735906259,2.9269310802413693,161.111,-168.6381676556649,0.0,0.0,0.0,80.0,190.0,0,10701.2254321,-13451.053412453191,0.0
17,2026-07-23 17:00:00-05:00,4.738043892332919,3.488501965316195,161.111,-162.3605419270167,0.0,0.0,0.0,80.0,190.0,0,10701.2254321,-12948.843354161336,0.0
18,2026-07-23 18:00:00-05:00,1.2838660606599859,5.618563256235194,161.111,-156.77630280442477,0.0,0.0,0.0,80.0,190.0,0,10701.2254321,-12502.104224353981,0.0
19,2026-07-23 19:00:00-05:00,0.10139546299112824,7.397260273972603,264.796,-300.0,0.0,42.5,0.0,140.0,190.0,0,20301.4921616,-41960.0,0.85
20,2026-07-23 20:00:00-05:00,0.23536258944745791,5.618563256235194,255.383,-299.99979933321225,0.0,50.0,0.0,140.0,145.26315789473685,0,19341.197668900004,-41959.97190664971,1.0
21,2026-07-23 21:00:00-05:00,0.05567090532128096,3.488501965316195,253.433,-300.0,0.0,50.0,0.0,140.0,92.63157894736842,0,19144.4785489,-41960.0,1.0
22,2026-07-23 22:00:00-05:00,0.20335682464942725,2.9269310802413693,161.111,-158.38742574440806,0.0,0.0,0.0,80.0,40.0,0,10701.2254321,-12630.994059552646,0.0
23,2026-07-23 23:00:00-05:00,0.2967764474412126,2.8782288036603814,161.111,-158.5295476437808,0.0,0.0,0.0,80.0,40.0,0,10701.2254321,-12642.363811502464,0.0
0,2026-07-24 00:00:00-05:00,0.0736756991456922,2.876712328851813,50.0,-34.038963370293885,13.158,0.0,0.0,45.0,130.0,0,2800.0,-1491.7533516632247,0.26316
1,2026-07-24 01:00:00-05:00,0.1797864066481685,2.8767123850971856,50.0,-47.303074021550984,0.0,0.0,0.0,45.0,142.5001,0,2800.0,-2088.6383309697944,0.0
2,2026-07-24 02:00:00-05:00,0.2302754810461621,2.876726112278856,50.0,-47.353549368767304,0.0,0.0,0.0,45.0,142.5001,0,2800.0,-2090.9097215945285,0.0
3,2026-07-24 03:00:00-05:00,0.30586905534922765,2.877953080952517,50.0,-47.42791597439671,0.0,0.0,0.0,45.0,142.5001,0,2800.0,-2094.256218847852,0.0
4,2026-07-24 04:00:00-05:00,0.06465588801072078,2.917800398155143,50.0,-47.146855489855575,0.0,0.0,0.0,45.0,142.5001,0,2800.0,-2081.608497043501,0.0
5,2026-07-24 05:00:00-05:00,0.11691680920720082,3.3772674859436367,50.0,3.2603506767364325,50.0,0.0,0.0,45.0,142.5001,0,2800.0,186.71578045313947,1.0
6,2026-07-24 06:00:00-05:00,0.4718726697028532,5.120044905786454,161.111,-156.4628277639164,0.0,0.0,0.0,80.0,190.0,0,10701.2254321,-12477.026221113312,0.0
7,2026-07-24 07:00:00-05:00,2.506446264765131,6.575342465753426,161.111,-157.0421037990117,0.0,0.0,0.0,80.0,190.0,0,10701.2254321,-12523.368303920935,0.0
8,2026-07-24 08:00:00-05:00,7.361112852659603,5.120044905786454,161.111,-163.35206794687315,0.0,0.0,0.0,80.0,190.0,0,10701.2254321,-13028.165435749852,0.0
9,2026-07-24 09:00:00-05:00,12.770512377377116,3.3772674859436367,161.111,-170.50424489143347,0.0,0.0,0.0,80.0,190.0,0,10701.2254321,-13600.339591314678,0.0
10,2026-07-24 10:00:00-05:00,25.872697769006532,2.917800398155143,161.111,-184.06589737085136,0.0,0.0,0.0,80.0,190.0,0,10701.2254321,-14685.27178966811,0.0
11,2026-07-24 11:00:00-05:00,26.66170293226666,2.8779530809525737,161.111,-184.89474985131406,0.0,0.0,0.0,80.0,190.0,0,10701.2254321,-14751.579988105124,0.0
12,2026-07-24 12:00:00-05:00,28.24244472782853,2.8767261123823644,161.111,-186.47671861544617,0.0,0.0,0.0,80.0,190.0,0,10701.2254321,-14878.137489235694,0.0
13,2026-07-24 13:00:00-05:00,26.66980583510512,2.8767124539450397,161.111,-184.90409338116007,0.0,0.0,0.0,80.0,190.0,0,10701.2254321,-14752.327470492804,0.0
14,2026-07-24 14:00:00-05:00,23.576368674984163,2.8767291753661524,161.111,-181.810639499618,0.0,0.0,0.0,80.0,190.0,0,10701.2254321,-14504.85115996944,0.0
15,2026-07-24 15:00:00-05:00,19.565347444720157,2.8782288036604284,161.111,-177.79811864105972,0.0,0.0,0.0,80.0,190.0,0,10701.2254321,-14183.849491284778,0.0
16,2026-07-24 16:00:00-05:00,13.867410586760707,2.9269310802413693,161.111,-172.05147950651934,0.0,0.0,0.0,80.0,190.0,0,10701.2254321,-13724.118360521548,0.0
17,2026-07-24 17:00:00-05:00,6.698813775432651,3.488501965316195,161.111,-164.32131181011644,0.0,0.0,0.0,80.0,190.0,0,10701.2254321,-13105.704944809315,0.0
18,2026-07-24 18:00:00-05:00,0.9834290166609231,5.618563256235194,161.111,-156.4758657604257,0.0,0.0,0.0,80.0,190.0,0,10701.2254321,-12478.069260834056,0.0
19,2026-07-24 19:00:00-05:00,0.15546584465866256,7.397260273972603,264.742,-300.0,0.0,42.5,0.0,140.0,190.0,0,20295.9326564,-41960.0,0.85
20,2026-07-24 20:00:00-05:00,0.17615931527643747,5.618563256235194,255.442,-299.99959605904127,0.0,50.0,0.0,140.0,145.26315789473685,0,19347.1615364,-41959.943448265774,1.0
21,2026-07-24 21:00:00-05:00,0.16537884626582333,3.488501965316195,253.323,-299.99987688094967,0.0,50.0,0.0,140.0,92.63157894736842,0,19133.4042329,-41959.982763332955,1.0
22,2026-07-24 22:00:00-05:00,0.3744224128240054,2.9269310802413693,161.111,-158.55849133258263,0.0,0.0,0.0,80.0,40.0,0,10701.2254321,-12644.679306606611,0.0
23,2026-07-24 23:00:00-05:00,0.24449604534355038,2.8782288036603814,161.111,-158.47726724168314,0.0,0.0,0.0,80.0,40.0,0,10701.2254321,-12638.181379334652,0.0
0,2026-07-25 00:00:00-05:00,0.3026412921441914,2.876712328851813,50.0,-47.42592896329238,0.0,0.0,0.0,45.0,130.0,0,2800.0,-2094.166803348157,0.0
1,2026-07-25 01:00:00-05:00,0.3106342565457664,2.8767123850971856,50.0,-47.43392187144858,0.0,0.0,0.0,45.0,130.0,0,2800.0,-2094.5264842151864,0.0
2,2026-07-25 02:00:00-05:00,0.29208168719821553,2.876726112278856,50.0,-47.41535557491936,0.0,0.0,0.0,45.0,130.0,0,2800.0,-2093.691000871371,0.0
3,2026-07-25 03:00:00-05:00,0.24232608561930494,2.877953080952517,50.0,-34.20637300466679,13.158,0.0,0.0,45.0,130.0,0,2800.0,-1499.2867852100055,0.26316
4,2026-07-25 04:00:00-05:00,0.22927336810553098,2.917800398155143,50.0,-47.31147296995039,0.0,0.0,0.0,45.0,142.5001,0,2800.0,-2089.0162836477675,0.0
5,2026-07-25 05:00:00-05:00,0.3130508756650217,3.3772674859436367,50.0,3.0642166102786166,50.0,0.0,0.0,45.0,142.5001,0,2800.0,177.88974746253774,1.0
6,2026-07-25 06:00:00-05:00,0.38685506796617797,5.120044905786454,161.111,-156.3778101621797,0.0,0.0,0.0,80.0,190.0,0,10701.2254321,-12470.224812974377,0.0
7,2026-07-25 07:00:00-05:00,3.6169292224016965,6.575342465753426,161.111,-158.15258675664825,0.0,0.0,0.0,80.0,190.0,0,10701.2254321,-12612.20694053186,0.0
8,2026-07-25 08:00:00-05:00,9.161889312273743,5.120044905786454,161.111,-165.15284440648728,0.0,0.0,0.0,80.0,190.0,0,10701.2254321,-13172.227552518982,0.0
9,2026-07-25 09:00:00-05:00,12.888568362901893,3.3772674859436367,161.111,-170.62230087695823,0.0,0.0,0.0,80.0,190.0,0,10701.2254321,-13609.784070156658,0.0
10,2026-07-25 10:00:00-05:00,25.28882678028766,2.917800398155143,161.111,-183.4820263821325,0.0,0.0,0.0,80.0,190.0,0,10701.2254321,-14638.5621105706,0.0
11,2026-07-25 11:00:00-05:00,28.01312170842176,2.8779530809525737,161.111,-186.24616862746916,0.0,0.0,0.0,80.0,190.0,0,10701.2254321,-14859.693490197533,0.0
12,2026-07-25 12:00:00-05:00,28.687694337976595,2.8767261123823644,161.111,-186.92196822559424,0.0,0.0,0.0,80.0,190.0,0,10701.2254321,-14913.75745804754,0.0
13,2026-07-25 13:00:00-05:00,28.076013543215193,2.8767124539450397,161.111,-186.31030108927015,0.0,0.0,0.0,80.0,190.0,0,10701.2254321,-14864.824087141613,0.0
14,2026-07-25 14:00:00-05:00,25.195577158308794,2.8767291753661524,161.111,-183.42984798294262,0.0,0.0,0.0,80.0,190.0,0,10701.2254321,-14634.38783863541,0.0
15,2026-07-25 15:00:00-05:00,20.083259681315276,2.8782288036604284,161.111,-178.31603087765484,0.0,0.0,0.0,80.0,190.0,0,10701.2254321,-14225.282470212387,0.0
16,2026-07-25 16:00:00-05:00,14.108449828389046,2.9269310802413693,161.111,-172.29251874814767,0.0,0.0,0.0,80.0,190.0,0,10701.2254321,-13743.401499851814,0.0
17,2026-07-25 17:00:00-05:00,6.764865554688061,3.488501965316195,161.111,-164.38736358937186,0.0,0.0,0.0,80.0,190.0,0,10701.2254321,-13110.989087149748,0.0
18,2026-07-25 18:00:00-05:00,1.2858494071533133,5.618563256235194,161.111,-156.7782861509181,0.0,0.0,0.0,80.0,190.0,0,10701.2254321,-12502.262892073448,0.0
19,2026-07-25 19:00:00-05:00,0.2225973812603312,7.397260273972603,257.175,-300.0,0.0,50.0,0.0,140.0,190.0,0,19522.648062500004,-41960.0,1.0
20,2026-07-25 20:00:00-05:00,0.1212277247293914,5.618563256235194,255.497,-299.99966446849425,0.0,50.0,0.0,140.0,137.36842105263156,0,19352.7217009,-41959.953025589195,1.0
21,2026-07-25 21:00:00-05:00,0.37311179570442565,3.488501965316195,260.615,-299.99960983038824,0.0,42.5,0.0,140.0,84.73684210526314,0,19872.7678225,-41959.945376254356,0.85
22,2026-07-25 22:00:00-05:00,0.3357722813786781,2.9269310802413693,161.111,-158.5198412011373,0.0,0.0,0.0,80.0,40.0,0,10701.2254321,-12641.587296090984,0.0
23,2026-07-25 23:00:00-05:00,0.3061463669459622,2.8782288036603814,161.111,-158.53891756328557,0.0,0.0,0.0,80.0,40.0,0,10701.2254321,-12643.113405062846,0.0
0,2026-07-26 00:00:00-05:00,0.22341294815176924,2.876712328851813,50.0,-34.18870061929995,13.158,0.0,0.0,45.0,130.0,0,2800.0,-1498.4915278684978,0.26316
1,2026-07-26 01:00:00-05:00,0.11791034605236095,2.8767123850971856,50.0,-47.241197960955176,0.0,0.0,0.0,45.0,142.5001,0,2800.0,-2085.853908242983,0.0
2,2026-07-26 02:00:00-05:00,0.29816033663686875,2.876726112278856,50.0,-47.42143422435801,0.0,0.0,0.0,45.0,142.5001,0,2800.0,-2093.9645400961103,0.0
3,2026-07-26 03:00:00-05:00,0.1294752707259519,2.877953080952517,50.0,-47.25152218977344,0.0,0.0,0.0,45.0,142.5001,0,2800.0,-2086.3184985398048,0.0
4,2026-07-26 04:00:00-05:00,0.2649972860756896,2.917800398155143,50.0,2.6528031120794524,50.0,0.0,0.0,45.0,142.5001,0,2800.0,159.37614004357536,1.0
5,2026-07-26 05:00:00-05:00,0.08352367661662848,3.3772674859436367,50.0,-46.706256190672995,0.0,0.0,0.0,45.0,190.0,0,2800.0,-2061.781528580285,0.0
6,2026-07-26 06:00:00-05:00,0.4466136251213211,5.120044905786454,161.111,-156.43756871933488,0.0,0.0,0.0,80.0,190.0,0,10701.2254321,-12475.00549754679,0.0
7,2026-07-26 07:00:00-05:00,2.9528309058347113,6.575342465753426,161.111,-157.48848844008126,0.0,0.0,0.0,80.0,190.0,0,10701.2254321,-12559.0790752065,0.0
8,2026-07-26 08:00:00-05:00,5.65544441346578,5.120044905786454,161.111,-161.64639950767932,0.0,0.0,0.0,80.0,190.0,0,10701.2254321,-12891.711960614346,0.0
9,2026-07-26 09:00:00-05:00,7.407642156646375,3.3772674859436367,161.111,-165.14137467070273,0.0,0.0,0.0,80.0,190.0,0,10701.2254321,-13171.309973656218,0.0
10,2026-07-26 10:00:00-05:00,20.29020594231979,2.917800398155143,161.111,-178.48340554416464,0.0,0.0,0.0,80.0,190.0,0,10701.2254321,-14238.67244353317,0.0
11,2026-07-26 11:00:00-05:00,26.05374112497635,2.8779530809525737,161.111,-184.28678804402375,0.0,0.0,0.0,80.0,190.0,0,10701.2254321,-14702.9430435219,0.0
12,2026-07-26 12:00:00-05:00,25.930277391350202,2.8767261123823644,161.111,-184.16455127896785,0.0,0.0,0.0,80.0,190.0,0,10701.2254321,-14693.164102317427,0.0
13,2026-07-26 13:00:00-05:00,24.882080226343998,2.8767124539450397,161.111,-183.11636777239895,0.0,0.0,0.0,80.0,190.0,0,10701.2254321,-14609.309421791915,0.0
14,2026-07-26 14:00:00-05:00,22.473558366691503,2.8767291753661524,161.111,-180.70782919132532,0.0,0.0,0.0,80.0,190.0,0,10701.2254321,-14416.626335306026,0.0
15,2026-07-26 15:00:00-05:00,18.577154926869508,2.8782288036604284,161.111,-176.80992612320907,0.0,0.0,0.0,80.0,190.0,0,10701.2254321,-14104.794089856725,0.0
16,2026-07-26 16:00:00-05:00,13.850202533637486,2.9269310802413693,161.111,-172.03427145339612,0.0,0.0,0.0,80.0,190.0,0,10701.2254321,-13722.741716271688,0.0
17,2026-07-26 17:00:00-05:00,6.727171373630267,3.488501965316195,161.111,-164.34966940831404,0.0,0.0,0.0,80.0,190.0,0,10701.2254321,-13107.973552665124,0.0
18,2026-07-26 18:00:00-05:00,1.281549468258039,5.618563256235194,161.111,-156.77398621202283,0.0,0.0,0.0,80.0,190.0,0,10701.2254321,-12501.918896961826,0.0
19,2026-07-26 19:00:00-05:00,0.3919124552535997,7.397260273972603,257.005,-299.99965218128096,0.0,50.0,0.0,140.0,190.0,0,19505.4070025,-41959.951305379334,1.0
20,2026-07-26 20:00:00-05:00,0.24703252926953445,5.618563256235194,262.872,-300.0,0.0,42.5,0.0,140.0,137.36842105263156,0,20103.768838400003,-41960.0,0.85
21,2026-07-26 21:00:00-05:00,0.26584780405718866,3.488501965316195,253.223,-300.0,0.0,50.0,0.0,140.0,92.63157894736841,0,19123.338772900002,-41960.0,1.0
22,2026-07-26 22:00:00-05:00,0.2440840393152426,2.9269310802413693,161.111,-158.42815295907388,0.0,0.0,0.0,80.0,40.0,0,10701.2254321,-12634.252236725912,0.0
23,2026-07-26 23:00:00-05:00,0.04792586722339378,2.8782288036603814,161.111,-158.280697063563,0.0,0.0,0.0,80.0,40.0,0,10701.2254321,-12622.45576508504,0.0
0,2026-07-27 00:00:00-05:00,0.18628456624786302,2.876712328851813,50.0,-47.309572237396054,0.0,0.0,0.0,45.0,130.0,0,2800.0,-2088.9307506828222,0.0
1,2026-07-27 01:00:00-05:00,0.12030121039958912,2.8767123850971856,50.0,-47.2435888253024,0.0,0.0,0.0,45.0,130.0,0,2800.0,-2085.961497138608,0.0
2,2026-07-27 02:00:00-05:00,0.24739876141929804,2.876726112278856,50.0,-47.370672649140445,0.0,0.0,0.0,45.0,130.0,0,2800.0,-2091.68026921132,0.0
3,2026-07-27 03:00:00-05:00,0.2716421043266146,2.877953080952517,50.0,-34.2356890233741,13.158,0.0,0.0,45.0,130.0,0,2800.0,-1500.6060060518346,0.26316
4,2026-07-27 04:00:00-05:00,0.18857804890103194,2.917800398155143,50.0,2.729222349254114,50.0,0.0,0.0,45.0,142.5001,0,2800.0,162.81500571643514,1.0
5,2026-07-27 05:00:00-05:00,0.3263378124738335,3.3772674859436367,50.0,-46.9490703265302,0.0,0.0,0.0,45.0,190.0,0,2800.0,-2072.708164693859,0.0
6,2026-07-27 06:00:00-05:00,0.39910711053344494,5.120044905786454,161.111,-156.39006220474698,0.0,0.0,0.0,80.0,190.0,0,10701.2254321,-12471.204976379759,0.0
7,2026-07-27 07:00:00-05:00,3.119249978755979,6.575342465753426,161.111,-157.65490751300254,0.0,0.0,0.0,80.0,190.0,0,10701.2254321,-12572.392601040203,0.0
8,2026-07-27 08:00:00-05:00,8.251445110755457,5.120044905786454,161.111,-164.24240020496902,0.0,0.0,0.0,80.0,190.0,0,10701.2254321,-13099.392016397522,0.0
9,2026-07-27 09:00:00-05:00,13.00961252156526,3.3772674859436367,161.111,-170.74334503562162,0.0,0.0,0.0,80.0,190.0,0,10701.2254321,-13619.467602849729,0.0
10,2026-07-27 10:00:00-05:00,25.474348987331414,2.917800398155143,161.111,-183.66754858917625,0.0,0.0,0.0,80.0,190.0,0,10701.2254321,-14653.4038871341,0.0
11,2026-07-27 11:00:00-05:00,27.89521143660201,2.8779530809525737,161.111,-186.12825835564942,0.0,0.0,0.0,80.0,190.0,0,10701.2254321,-14850.260668451954,0.0
12,2026-07-27 12:00:00-05:00,28.88357035246544,2.8767261123823644,161.111,-187.11784424008306,0.0,0.0,0.0,80.0,190.0,0,10701.2254321,-14929.427539206645,0.0
13,2026-07-27 13:00:00-05:00,21.68461662231105,2.8767124539450397,161.111,-179.918904168366,0.0,0.0,0.0,80.0,190.0,0,10701.2254321,-14353.51233346928,0.0
14,2026-07-27 14:00:00-05:00,14.052822674154323,2.8767291753661524,161.111,-172.28709349878815,0.0,0.0,0.0,80.0,190.0,0,10701.2254321,-13742.967479903053,0.0
15,2026-07-27 15:00:00-05:00,15.642331480383698,2.8782288036604284,161.111,-173.87510267672326,0.0,0.0,0.0,80.0,190.0,0,10701.2254321,-13870.00821413786,0.0
16,2026-07-27 16:00:00-05:00,10.900714095334408,2.9269310802413693,161.111,-169.08478301509305,0.0,0.0,0.0,80.0,190.0,0,10701.2254321,-13486.782641207445,0.0
17,2026-07-27 17:00:00-05:00,5.01020513070403,3.488501965316195,161.111,-162.63270316538782,0.0,0.0,0.0,80.0,190.0,0,10701.2254321,-12970.616253231026,0.0
18,2026-07-27 18:00:00-05:00,1.6689489234769186,5.618563256235194,161.111,-157.16138566724172,0.0,0.0,0.0,80.0,190.0,0,10701.2254321,-12532.910853379337,0.0
19,2026-07-27 19:00:00-05:00,0.2510683824023688,7.397260273972603,264.646,-299.99980810842976,0.0,42.5,0.0,140.0,190.0,0,20286.0505316,-41959.97313518017,0.85
20,2026-07-27 20:00:00-05:00,0.16679594069880688,5.618563256235194,255.452,-300.0,0.0,50.0,0.0,140.0,145.26315789473685,0,19348.1724304,-41960.0,1.0
21,2026-07-27 21:00:00-05:00,0.34082824049655214,3.488501965316195,253.148,-300.0,0.0,50.0,0.0,140.0,92.63157894736842,0,19115.7909904,-41960.0,1.0
22,2026-07-27 22:00:00-05:00,0.16303308668159225,2.9269310802413693,161.111,-158.34710200644022,0.0,0.0,0.0,80.0,40.0,0,10701.2254321,-12627.768160515217,0.0
23,2026-07-27 23:00:00-05:00,0.19959508039068977,2.8782288036603814,161.111,-158.43236627673028,0.0,0.0,0.0,80.0,40.0,0,10701.2254321,-12634.589302138422,0.0
0,2026-07-28 00:00:00-05:00,0.23303948216469306,2.876712328851813,50.0,-34.198327153312874,13.158,0.0,0.0,45.0,130.0,0,2800.0,-1498.9247218990793,0.26316
1,2026-07-28 01:00:00-05:00,0.052292029018679485,2.8767123850971856,50.0,-47.175579643921495,0.0,0.0,0.0,45.0,142.5001,0,2800.0,-2082.9010839764674,0.0
2,2026-07-28 02:00:00-05:00,0.18489809273456814,2.876726112278856,50.0,-47.30817198045571,0.0,0.0,0.0,45.0,142.5001,0,2800.0,-2088.867739120507,0.0
3,2026-07-28 03:00:00-05:00,0.18661034522512157,2.877953080952517,50.0,-47.308657264272604,0.0,0.0,0.0,45.0,142.5001,0,2800.0,-2088.889576892267,0.0
4,2026-07-28 04:00:00-05:00,0.258817836188519,2.917800398155143,50.0,-47.341017438033376,0.0,0.0,0.0,45.0,142.5001,0,2800.0,-2090.345784711502,0.0
5,2026-07-28 05:00:00-05:00,0.26203249143326157,3.3772674859436367,50.0,3.1152349945103768,50.0,0.0,0.0,45.0,142.5001,0,2800.0,180.18557475296694,1.0
6,2026-07-28 06:00:00-05:00,0.4016757869871368,5.120044905786454,161.111,-156.3926308812007,0.0,0.0,0.0,80.0,190.0,0,10701.2254321,-12471.410470496055,0.0
7,2026-07-28 07:00:00-05:00,2.73063351968302,6.575342465753426,161.111,-157.26629105392956,0.0,0.0,0.0,80.0,190.0,0,10701.2254321,-12541.303284314365,0.0
8,2026-07-28 08:00:00-05:00,7.361679773413084,5.120044905786454,161.111,-163.35263486762662,0.0,0.0,0.0,80.0,190.0,0,10701.2254321,-13028.21078941013,0.0
9,2026-07-28 09:00:00-05:00,12.371405025170693,3.3772674859436367,161.111,-170.10513753922706,0.0,0.0,0.0,80.0,190.0,0,10701.2254321,-13568.411003138164,0.0
10,2026-07-28 10:00:00-05:00,26.01904659648521,2.917800398155143,161.111,-184.21224619833006,0.0,0.0,0.0,80.0,190.0,0,10701.2254321,-14696.979695866405,0.0
11,2026-07-28 11:00:00-05:00,29.265888371689062,2.8779530809525737,161.111,-187.49893529073648,0.0,0.0,0.0,80.0,190.0,0,10701.2254321,-14959.914823258918,0.0
12,2026-07-28 12:00:00-05:00,28.867903591524485,2.8767261123823644,161.111,-187.1021774791421,0.0,0.0,0.0,80.0,190.0,0,10701.2254321,-14928.17419833137,0.0
13,2026-07-28 13:00:00-05:00,27.222346547536443,2.8767124539450397,161.111,-185.4566340935914,0.0,0.0,0.0,80.0,190.0,0,10701.2254321,-14796.530727487312,0.0
14,2026-07-28 14:00:00-05:00,25.01480666553907,2.8767291753661524,161.111,-183.2490774901729,0.0,0.0,0.0,80.0,190.0,0,10701.2254321,-14619.926199213833,0.0
15,2026-07-28 15:00:00-05:00,19.74640697918123,2.8782288036604284,161.111,-177.97917817552081,0.0,0.0,0.0,80.0,190.0,0,10701.2254321,-14198.334254041665,0.0
16,2026-07-28 16:00:00-05:00,13.170312002578148,2.9269310802413693,161.111,-171.3543809223368,0.0,0.0,0.0,80.0,190.0,0,10701.2254321,-13668.350473786943,0.0
17,2026-07-28 17:00:00-05:00,6.659132283152286,3.488501965316195,161.111,-164.28163031783606,0.0,0.0,0.0,80.0,190.0,0,10701.2254321,-13102.530425426885,0.0
18,2026-07-28 18:00:00-05:00,1.0111362601122826,5.618563256235194,161.111,-156.50357300387708,0.0,0.0,0.0,80.0,190.0,0,10701.2254321,-12480.285840310167,0.0
19,2026-07-28 19:00:00-05:00,0.21220971786082196,7.397260273972603,264.685,-299.9999494438882,0.0,42.5,0.0,140.0,190.0,0,20290.064922499998,-41959.99292214435,0.85
20,2026-07-28 20:00:00-05:00,0.1297049163876993,5.618563256235194,255.489,-300.0,0.0,50.0,0.0,140.0,145.26315789473685,0,19351.9129121,-41960.0,1.0
21,2026-07-28 21:00:00-05:00,0.3850437769087882,3.488501965316195,253.103,-299.9995418115926,0.0,50.0,0.0,140.0,92.63157894736842,0,19111.262860900002,-41959.93585362297,1.0
22,2026-07-28 22:00:00-05:00,0.19797044635090544,2.9269310802413693,161.111,-158.38203936610952,0.0,0.0,0.0,80.0,40.0,0,10701.2254321,-12630.563149288762,0.0
23,2026-07-28 23:00:00-05:00,0.28802837415916177,2.8782288036603814,161.111,-158.52079957049875,0.0,0.0,0.0,80.0,40.0,0,10701.2254321,-12641.6639656399,0.0
0,2026-07-29 00:00:00-05:00,0.20950673925335314,2.876712328851813,50.0,-47.33279441040155,0.0,0.0,0.0,45.0,130.0,0,2800.0,-2089.9757484680695,0.0
1,2026-07-29 01:00:00-05:00,0.2404385590951079,2.8767123850971856,50.0,2.636273826002075,50.0,0.0,0.0,45.0,130.0,0,2800.0,158.63232217009337,1.0
2,2026-07-29 02:00:00-05:00,0.2590750496011348,2.876726112278856,50.0,-47.38234893732228,0.0,0.0,0.0,45.0,177.5,0,2800.0,-2092.2057021795026,0.0
3,2026-07-29 03:00:00-05:00,0.2632385895262946,2.877953080952517,50.0,-47.38528550857378,0.0,0.0,0.0,45.0,177.5,0,2800.0,-2092.33784788582,0.0
4,2026-07-29 04:00:00-05:00,0.19776741203450013,2.917800398155143,50.0,-47.27996701387936,0.0,0.0,0.0,45.0,177.5,0,2800.0,-2087.598515624571,0.0
5,2026-07-29 05:00:00-05:00,0.1295468423967048,3.3772674859436367,50.0,-33.59427935645307,13.158,0.0,0.0,45.0,177.5,0,2800.0,-1471.7425710403882,0.26316
6,2026-07-29 06:00:00-05:00,0.5513124796422,5.120044905786454,161.111,-156.54226757385575,0.0,0.0,0.0,80.0,190.0,0,10701.2254321,-12483.38140590846,0.0
7,2026-07-29 07:00:00-05:00,3.4650071783785132,6.575342465753426,161.111,-158.00066471262505,0.0,0.0,0.0,80.0,190.0,0,10701.2254321,-12600.053177010004,0.0
8,2026-07-29 08:00:00-05:00,7.921622070722132,5.120044905786454,161.111,-163.91257716493567,0.0,0.0,0.0,80.0,190.0,0,10701.2254321,-13073.006173194854,0.0
9,2026-07-29 09:00:00-05:00,11.21690478950366,3.3772674859436367,161.111,-168.95063730356003,0.0,0.0,0.0,80.0,190.0,0,10701.2254321,-13476.050984284802,0.0
10,2026-07-29 10:00:00-05:00,22.948557025181202,2.917800398155143,161.111,-181.14175662702604,0.0,0.0,0.0,80.0,190.0,0,10701.2254321,-14451.340530162084,0.0
11,2026-07-29 11:00:00-05:00,24.72391388665468,2.8779530809525737,161.111,-182.9569608057021,0.0,0.0,0.0,80.0,190.0,0,10701.2254321,-14596.556864456168,0.0
12,2026-07-29 12:00:00-05:00,24.528297177626683,2.8767261123823644,161.111,-182.76257106524432,0.0,0.0,0.0,80.0,190.0,0,10701.2254321,-14581.005685219545,0.0
13,2026-07-29 13:00:00-05:00,22.63161320998547,2.8767124539450397,161.111,-180.86590075604042,0.0,0.0,0.0,80.0,190.0,0,10701.2254321,-14429.272060483234,0.0
14,2026-07-29 14:00:00-05:00,20.771535327337997,2.8767291753661524,161.111,-179.00580615197183,0.0,0.0,0.0,80.0,190.0,0,10701.2254321,-14280.464492157746,0.0
15,2026-07-29 15:00:00-05:00,19.395354370324792,2.8782288036604284,161.111,-177.62812556666435,0.0,0.0,0.0,80.0,190.0,0,10701.2254321,-14170.250045333149,0.0
16,2026-07-29 16:00:00-05:00,13.461109255738556,2.9269310802413693,161.111,-171.6451781754972,0.0,0.0,0.0,80.0,190.0,0,10701.2254321,-13691.614254039776,0.0
17,2026-07-29 17:00:00-05:00,5.893079581099219,3.488501965316195,161.111,-163.515577615783,0.0,0.0,0.0,80.0,190.0,0,10701.2254321,-13041.246209262641,0.0
18,2026-07-29 18:00:00-05:00,1.1531545055650552,5.618563256235194,161.111,-156.64559124932984,0.0,0.0,0.0,80.0,190.0,0,10701.2254321,-12491.647299946388,0.0
19,2026-07-29 19:00:00-05:00,0.32469367776257807,7.397260273972603,264.573,-300.0,0.0,42.5,0.0,140.0,190.0,0,20278.5372329,-41960.0,0.85
20,2026-07-29 20:00:00-05:00,0.04663775463097299,5.618563256235194,255.572,-300.0,0.0,50.0,0.0,140.0,145.26315789473685,0,19360.3047184,-41960.0,1.0
21,2026-07-29 21:00:00-05:00,0.1320624302667438,3.488501965316195,253.356,-299.99956046495055,0.0,50.0,0.0,140.0,92.63157894736842,0,19136.726273599998,-41959.93846509307,1.0
22,2026-07-29 22:00:00-05:00,0.25280112390508297,2.9269310802413693,161.111,-158.4368700436637,0.0,0.0,0.0,80.0,40.0,0,10701.2254321,-12634.949603493096,0.0
23,2026-07-29 23:00:00-05:00,0.21218930365263286,2.8782288036603814,161.111,-158.44496049999222,0.0,0.0,0.0,80.0,40.0,0,10701.2254321,-12635.596839999378,0.0
0,2026-07-30 00:00:00-05:00,0.23986752407319875,2.876712328851813,50.0,-47.36315519522138,0.0,0.0,0.0,45.0,130.0,0,2800.0,-2091.341983784962,0.0
1,2026-07-30 01:00:00-05:00,0.19126550204361722,2.8767123850971856,50.0,2.685446883053565,50.0,0.0,0.0,45.0,130.0,0,2800.0,160.84510973741044,1.0
2,2026-07-30 02:00:00-05:00,0.17478303940989617,2.876726112278856,50.0,-47.29805692713104,0.0,0.0,0.0,45.0,177.5,0,2800.0,-2088.412561720897,0.0
3,2026-07-30 03:00:00-05:00,0.28851014848102285,2.877953080952517,50.0,-47.41055706752851,0.0,0.0,0.0,45.0,177.5,0,2800.0,-2093.475068038783,0.0
4,2026-07-30 04:00:00-05:00,0.0776048429674756,2.917800398155143,50.0,-47.15980444481233,0.0,0.0,0.0,45.0,177.5,0,2800.0,-2082.191200016555,0.0
5,2026-07-30 05:00:00-05:00,0.12340297196361621,3.3772674859436367,50.0,-33.58813548601998,13.158,0.0,0.0,45.0,177.5,0,2800.0,-1471.466096870899,0.26316
6,2026-07-30 06:00:00-05:00,0.4579580242459354,5.120044905786454,161.111,-156.44891311845947,0.0,0.0,0.0,80.0,190.0,0,10701.2254321,-12475.913049476758,0.0
7,2026-07-30 07:00:00-05:00,2.394024321114278,6.575342465753426,161.111,-156.92968185536083,0.0,0.0,0.0,80.0,190.0,0,10701.2254321,-12514.374548428867,0.0
8,2026-07-30 08:00:00-05:00,6.247728014463288,5.120044905786454,161.111,-162.23868310867684,0.0,0.0,0.0,80.0,190.0,0,10701.2254321,-12939.094648694147,0.0
9,2026-07-30 09:00:00-05:00,10.905074934067017,3.3772674859436367,161.111,-168.63880744812337,0.0,0.0,0.0,80.0,190.0,0,10701.2254321,-13451.104595849869,0.0
10,2026-07-30 10:00:00-05:00,24.487459088393432,2.917800398155143,161.111,-182.68065869023826,0.0,0.0,0.0,80.0,190.0,0,10701.2254321,-14574.45269521906,0.0
11,2026-07-30 11:00:00-05:00,26.6498405900844,2.8779530809525737,161.111,-184.88288750913182,0.0,0.0,0.0,80.0,190.0,0,10701.2254321,-14750.631000730546,0.0
12,2026-07-30 12:00:00-05:00,28.29409024933757,2.8767261123823644,161.111,-186.5283641369552,0.0,0.0,0.0,80.0,190.0,0,10701.2254321,-14882.269130956414,0.0
13,2026-07-30 13:00:00-05:00,27.417303099313248,2.8767124539450397,161.111,-185.6515906453682,0.0,0.0,0.0,80.0,190.0,0,10701.2254321,-14812.127251629456,0.0
14,2026-07-30 14:00:00-05:00,23.492316100596607,2.8767291753661524,161.111,-181.72658692523044,0.0,0.0,0.0,80.0,190.0,0,10701.2254321,-14498.126954018435,0.0
15,2026-07-30 15:00:00-05:00,19.523315835222213,2.8782288036604284,161.111,-177.75608703156178,0.0,0.0,0.0,80.0,190.0,0,10701.2254321,-14180.486962524941,0.0
16,2026-07-30 16:00:00-05:00,14.040712019790584,2.9269310802413693,161.111,-172.22478093954922,0.0,0.0,0.0,80.0,190.0,0,10701.2254321,-13737.982475163937,0.0
17,2026-07-30 17:00:00-05:00,6.267889059366085,3.488501965316195,161.111,-163.89038709404988,0.0,0.0,0.0,80.0,190.0,0,10701.2254321,-13071.23096752399,0.0
18,2026-07-30 18:00:00-05:00,1.3218860398404015,5.618563256235194,161.111,-156.81432278360518,0.0,0.0,0.0,80.0,190.0,0,10701.2254321,-12505.145822688413,0.0
19,2026-07-30 19:00:00-05:00,0.22611016386414765,7.397260273972603,264.671,-299.9998498898915,0.0,42.5,0.0,140.0,190.0,0,20288.6238241,-41959.978984584806,0.85
20,2026-07-30 20:00:00-05:00,0.10507870500107304,5.618563256235194,255.513,-299.99951544876586,0.0,50.0,0.0,140.0,145.26315789473685,0,19354.3393169,-41959.93216282722,1.0
21,2026-07-30 21:00:00-05:00,0.2738216842139686,3.488501965316195,253.215,-300.0,0.0,50.0,0.0,140.0,92.63157894736842,0,19122.5336225,-41960.0,1.0
22,2026-07-30 22:00:00-05:00,0.2852726304389466,2.9269310802413693,161.111,-158.46934155019758,0.0,0.0,0.0,80.0,40.0,0,10701.2254321,-12637.547324015806,0.0
23,2026-07-30 23:00:00-05:00,0.05784579615183225,2.8782288036603814,161.111,-158.29061699249144,0.0,0.0,0.0,80.0,40.0,0,10701.2254321,-12623.249359399315,0.0
0,2026-07-31 00:00:00-05:00,0.15145406113793172,2.876712328851813,50.0,-34.116741732286116,13.158,0.0,0.0,45.0,130.0,0,2800.0,-1495.253377952875,0.26316
1,2026-07-31 01:00:00-05:00,0.09572323076865928,2.8767123850971856,50.0,-47.21901084567148,0.0,0.0,0.0,45.0,142.5001,0,2800.0,-2084.8554880552165,0.0
2,2026-07-31 02:00:00-05:00,0.16971551384238595,2.876726112278856,50.0,-47.29298940156353,0.0,0.0,0.0,45.0,142.5001,0,2800.0,-2088.184523070359,0.0
3,2026-07-31 03:00:00-05:00,0.05899642810738617,2.877953080952517,50.0,-47.18104334715487,0.0,0.0,0.0,45.0,142.5001,0,2800.0,-2083.146950621969,0.0
4,2026-07-31 04:00:00-05:00,0.2568805794625027,2.917800398155143,50.0,-47.33908018130736,0.0,0.0,0.0,45.0,142.5001,0,2800.0,-2090.258608158831,0.0
5,2026-07-31 05:00:00-05:00,0.20594093351068346,3.3772674859436367,50.0,3.1713265524329546,50.0,0.0,0.0,45.0,142.5001,0,2800.0,182.70969485948297,1.0
6,2026-07-31 06:00:00-05:00,0.41742076066331296,5.120044905786454,161.111,-156.40837585487685,0.0,0.0,0.0,80.0,190.0,0,10701.2254321,-12472.670068390147,0.0
7,2026-07-31 07:00:00-05:00,2.6246999674730733,6.575342465753426,161.111,-157.16035750171963,0.0,0.0,0.0,80.0,190.0,0,10701.2254321,-12532.82860013757,0.0
8,2026-07-31 08:00:00-05:00,6.9661143588053465,5.120044905786454,161.111,-162.9570694530189,0.0,0.0,0.0,80.0,190.0,0,10701.2254321,-12996.565556241512,0.0
9,2026-07-31 09:00:00-05:00,10.980934063953647,3.3772674859436367,161.111,-168.71466657801,0.0,0.0,0.0,80.0,190.0,0,10701.2254321,-13457.1733262408,0.0
10,2026-07-31 10:00:00-05:00,22.392838676907314,2.917800398155143,161.111,-180.58603827875214,0.0,0.0,0.0,80.0,190.0,0,10701.2254321,-14406.88306230017,0.0
11,2026-07-31 11:00:00-05:00,24.92907210388509,2.8779530809525737,161.111,-183.1621190229325,0.0,0.0,0.0,80.0,190.0,0,10701.2254321,-14612.9695218346,0.0
12,2026-07-31 12:00:00-05:00,27.496019207872724,2.8767261123823644,161.111,-185.73029309549037,0.0,0.0,0.0,80.0,190.0,0,10701.2254321,-14818.42344763923,0.0
13,2026-07-31 13:00:00-05:00,27.7313704404786,2.8767124539450397,161.111,-185.96565798653356,0.0,0.0,0.0,80.0,190.0,0,10701.2254321,-14837.252638922684,0.0
14,2026-07-31 14:00:00-05:00,24.811568241128395,2.8767291753661524,161.111,-183.0458390657622,0.0,0.0,0.0,80.0,190.0,0,10701.2254321,-14603.667125260978,0.0
15,2026-07-31 15:00:00-05:00,20.932973869241483,2.8782288036604284,161.111,-179.16574506558106,0.0,0.0,0.0,80.0,190.0,0,10701.2254321,-14293.259605246485,0.0
16,2026-07-31 16:00:00-05:00,12.965866461746172,2.9269310802413693,161.111,-171.1499353815048,0.0,0.0,0.0,80.0,190.0,0,10701.2254321,-13651.994830520383,0.0
17,2026-07-31 17:00:00-05:00,5.930334948161569,3.488501965316195,161.111,-163.55283298284536,0.0,0.0,0.0,80.0,190.0,0,10701.2254321,-13044.226638627628,0.0
18,2026-07-31 18:00:00-05:00,1.5449243782450628,5.618563256235194,161.111,-157.03736112200986,0.0,0.0,0.0,80.0,190.0,0,10701.2254321,-12522.988889760789,0.0
19,2026-07-31 19:00:00-05:00,0.20028306788776515,7.397260273972603,264.697,-300.0,0.0,42.5,0.0,140.0,190.0,0,20291.3001809,-41960.0,0.85
20,2026-07-31 20:00:00-05:00,0.23353886856062986,5.618563256235194,255.385,-299.99997561232544,0.0,50.0,0.0,140.0,145.26315789473685,0,19341.3998225,-41959.99658572556,1.0
21,2026-07-31 21:00:00-05:00,0.16305668630141265,3.488501965316195,253.325,-299.99955472098526,0.0,50.0,0.0,140.0,92.63157894736842,0,19133.605562499997,-41959.93766093794,1.0
22,2026-07-31 22:00:00-05:00,0.21397954340143877,2.9269310802413693,161.111,-158.39804846316008,0.0,0.0,0.0,80.0,40.0,0,10701.2254321,-12631.843877052806,0.0
23,2026-07-31 23:00:00-05:00,0.16812412317618522,2.8782288036603814,161.111,-158.4008953195158,0.0,0.0,0.0,80.0,40.0,0,10701.2254321,-12632.071625561264,0.0
